,temp,cloud,rain
1960-07-01,24.0,10.0,14.9
1960-07-02,24.1,7.7,55.3
1960-07-03,24.5,10.0,1.1
1960-07-04,25.4,7.0,10.0
1960-07-05,25.2,10.0,0.0
1960-07-06,24.3,8.0,0.0
1960-07-07,23.3,10.0,69.0
1960-07-08,24.8,9.7,1.7
1960-07-09,23.7,10.0,12.2
1960-07-10,26.1,7.3,0.0
1960-07-11,26.9,0.7,0.0
1960-07-12,26.7,4.0,0.0
1960-07-13,26.9,4.3,0.0
1960-07-14,26.6,3.3,0.0
1960-07-15,26.6,5.3,0.0
1960-07-16,26.8,3.0,0.0
1960-07-17,27.3,2.0,0.0
1960-07-18,27.6,3.7,0.0
1960-07-19,27.3,0.7,0.0
1960-07-20,27.3,1.0,0.0
1960-07-21,26.8,0.0,0.0
1960-07-22,27.0,0.0,0.0
1960-07-23,27.2,3.0,0.0
1960-07-24,26.8,7.0,7.3
1960-07-25,26.4,3.7,44.6
1960-07-26,27.0,5.0,0.0
1960-07-27,27.9,10.0,0.0
1960-07-28,28.3,8.7,2.8
1960-07-29,28.6,3.7,0.2
1960-07-30,28.1,4.3,0.0
1960-07-31,28.3,6.3,0.1
1960-08-01,27.1,9.3,12.7
1960-08-02,27.9,4.3,0.0
1960-08-03,28.6,1.7,0.0
1960-08-04,28.8,6.3,0.0
1960-08-05,26.2,10.0,8.4
1960-08-06,28.0,1.0,9.3
1960-08-07,28.4,2.0,0.0
1960-08-08,28.1,2.3,0.0
1960-08-09,28.1,4.7,0.0
1960-08-10,27.5,8.7,0.9
1960-08-11,27.8,6.0,5.3
1960-08-12,26.3,9.3,2.9
1960-08-13,26.4,10.0,70.5
1960-08-14,24.9,9.3,0.2
1960-08-15,26.4,5.7,0.0
1960-08-16,26.1,1.7,0.0
1960-08-17,27.5,2.7,0.0
1960-08-18,27.2,7.0,0.8
1960-08-19,27.6,1.0,0.0
1960-08-20,28.1,3.0,0.0
1960-08-21,28.6,2.7,0.0
1960-08-22,28.2,10.0,18.2
1960-08-23,24.9,7.3,52.6
1960-08-24,23.8,0.7,0.0
1960-08-25,24.1,3.7,0.0
1960-08-26,24.5,1.0,0.0
1960-08-27,24.8,5.0,0.0
1960-08-28,26.1,6.0,0.0
1960-08-29,25.4,9.0,0.0
1960-08-30,23.6,5.7,0.0
1960-08-31,24.3,0.0,0.0
1961-07-01,25.6,9.0,1.3
1961-07-02,25.5,10.0,11.6
1961-07-03,24.7,10.0,52.8
1961-07-04,25.3,10.0,13.4
1961-07-05,24.7,10.0,4.2
1961-07-06,25.9,10.0,11.9
1961-07-07,25.3,10.0,116.4
1961-07-08,25.6,9.3,17.4
1961-07-09,26.4,9.7,8.6
1961-07-10,26.1,10.0,0.6
1961-07-11,26.5,10.0,4.6
1961-07-12,26.9,10.0,1.0
1961-07-13,27.8,8.0,0.0
1961-07-14,27.7,7.3,0.0
1961-07-15,28.1,5.7,0.0
1961-07-16,27.9,1.7,0.0
1961-07-17,27.9,0.3,0.0
1961-07-18,29.0,2.0,0.0
1961-07-19,28.7,3.7,0.0
1961-07-20,28.0,4.0,0.0
1961-07-21,27.3,4.7,0.0
1961-07-22,28.1,9.3,0.0
1961-07-23,29.0,9.3,0.0
1961-07-24,29.2,9.0,0.0
1961-07-25,28.7,8.3,1.7
1961-07-26,26.1,10.0,24.2
1961-07-27,26.1,9.7,12.4
1961-07-28,27.3,6.3,3.9
1961-07-29,27.3,2.3,4.6
1961-07-30,27.6,6.0,0.0
1961-07-31,29.3,5.0,0.4
1961-08-01,28.0,7.0,0.0
1961-08-02,28.0,9.7,2.8
1961-08-03,26.1,10.0,19.7
1961-08-04,27.5,5.7,15.6
1961-08-05,27.3,8.7,0.8
1961-08-06,28.6,6.3,0.0
1961-08-07,28.2,6.0,0.0
1961-08-08,24.4,10.0,30.3
1961-08-09,25.9,10.0,6.8
1961-08-10,27.9,5.3,0.5
1961-08-11,27.5,7.3,63.1
1961-08-12,26.1,10.0,63.6
1961-08-13,27.3,6.0,0.4
1961-08-14,26.9,7.0,3.6
1961-08-15,27.6,7.0,0.0
1961-08-16,27.0,6.3,0.0
1961-08-17,27.9,1.3,0.0
1961-08-18,28.2,3.3,0.0
1961-08-19,28.3,4.7,0.0
1961-08-20,27.9,0.7,0.0
1961-08-21,26.9,6.3,0.0
1961-08-22,27.5,5.3,0.0
1961-08-23,28.2,5.7,0.0
1961-08-24,28.7,7.3,0.0
1961-08-25,26.5,7.0,3.4
1961-08-26,26.9,10.0,16.3
1961-08-27,25.2,10.0,47.6
1961-08-28,26.0,8.7,0.0
1961-08-29,25.7,9.7,0.0
1961-08-30,26.8,2.3,0.0
1961-08-31,26.9,4.7,69.5
1962-07-01,24.1,6.7,0.0
1962-07-02,25.0,5.0,0.0
1962-07-03,24.7,9.0,6.0
1962-07-04,24.0,10.0,8.0
1962-07-05,23.2,10.0,97.2
1962-07-06,24.9,5.7,0.0
1962-07-07,22.4,10.0,3.2
1962-07-08,24.6,10.0,1.1
1962-07-09,24.7,10.0,6.5
1962-07-10,25.6,10.0,5.5
1962-07-11,25.1,10.0,1.0
1962-07-12,24.4,10.0,38.2
1962-07-13,24.9,4.0,0.0
1962-07-14,24.9,7.7,0.0
1962-07-15,25.9,8.0,11.6
1962-07-16,24.1,10.0,21.3
1962-07-17,25.2,10.0,2.2
1962-07-18,26.0,8.0,7.5
1962-07-19,25.6,9.3,0.0
1962-07-20,24.8,6.7,112.4
1962-07-21,25.2,10.0,2.7
1962-07-22,23.2,10.0,50.8
1962-07-23,25.7,7.3,7.0
1962-07-24,28.1,7.3,0.0
1962-07-25,28.1,6.0,0.0
1962-07-26,28.1,2.0,0.0
1962-07-27,27.2,4.3,0.0
1962-07-28,26.5,2.0,0.0
1962-07-29,27.8,5.3,0.0
1962-07-30,28.5,5.3,2.9
1962-07-31,29.2,2.3,0.0
1962-08-01,27.0,10.0,6.3
1962-08-02,26.0,10.0,66.6
1962-08-03,24.9,8.7,17.2
1962-08-04,26.9,6.0,1.6
1962-08-05,27.9,8.0,0.0
1962-08-06,26.9,7.3,11.3
1962-08-07,27.8,9.0,0.0
1962-08-08,26.7,10.0,0.8
1962-08-09,24.1,9.7,2.6
1962-08-10,24.9,4.3,0.0
1962-08-11,25.7,1.3,0.0
1962-08-12,27.1,3.7,0.0
1962-08-13,26.7,5.3,0.0
1962-08-14,26.2,5.0,3.7
1962-08-15,25.5,10.0,0.6
1962-08-16,26.5,8.7,5.8
1962-08-17,27.5,9.7,0.0
1962-08-18,26.1,4.0,7.4
1962-08-19,26.1,5.0,0.0
1962-08-20,26.4,6.7,0.0
1962-08-21,26.3,6.3,21.3
1962-08-22,26.2,3.0,0.5
1962-08-23,25.2,9.3,0.4
1962-08-24,21.2,10.0,54.1
1962-08-25,23.0,8.0,1.6
1962-08-26,23.4,5.0,8.3
1962-08-27,23.7,10.0,43.5
1962-08-28,24.5,5.3,97.5
1962-08-29,23.8,0.3,0.0
1962-08-30,23.7,3.0,0.0
1962-08-31,24.4,7.0,0.0
1963-07-01,23.4,9.7,2.5
1963-07-02,23.2,9.3,14.1
1963-07-03,24.7,9.0,3.3
1963-07-04,23.8,10.0,19.0
1963-07-05,23.4,8.0,0.2
1963-07-06,22.6,10.0,5.3
1963-07-07,21.9,10.0,12.6
1963-07-08,22.9,9.0,0.2
1963-07-09,22.3,9.3,0.0
1963-07-10,20.3,10.0,58.2
1963-07-11,21.6,10.0,14.3
1963-07-12,23.0,9.3,0.0
1963-07-13,25.2,10.0,0.3
1963-07-14,25.1,9.3,0.5
1963-07-15,26.6,7.0,0.0
1963-07-16,26.3,7.7,3.7
1963-07-17,26.7,7.0,13.1
1963-07-18,27.8,5.3,0.0
1963-07-19,27.9,3.7,0.0
1963-07-20,27.4,9.3,0.0
1963-07-21,27.7,9.0,0.0
1963-07-22,27.6,8.7,0.0
1963-07-23,27.0,10.0,0.0
1963-07-24,26.6,10.0,0.0
1963-07-25,26.1,10.0,12.6
1963-07-26,24.2,10.0,107.8
1963-07-27,25.6,4.7,10.8
1963-07-28,25.8,8.7,4.5
1963-07-29,27.4,9.0,0.0
1963-07-30,27.3,7.0,0.0
1963-07-31,26.9,8.7,1.0
1963-08-01,27.1,8.3,0.0
1963-08-02,26.8,9.3,0.0
1963-08-03,26.7,6.3,0.0
1963-08-04,26.2,4.7,0.0
1963-08-05,27.3,5.3,0.0
1963-08-06,27.5,2.3,0.0
1963-08-07,27.6,6.0,0.4
1963-08-08,28.0,1.7,0.0
1963-08-09,28.6,9.3,0.0
1963-08-10,27.7,5.0,0.0
1963-08-11,26.4,4.7,0.0
1963-08-12,26.4,1.7,0.0
1963-08-13,27.1,8.7,1.4
1963-08-14,25.7,5.7,10.1
1963-08-15,25.7,6.7,0.0
1963-08-16,26.8,10.0,0.2
1963-08-17,26.4,10.0,2.2
1963-08-18,25.5,4.0,0.0
1963-08-19,24.7,0.7,0.0
1963-08-20,22.8,10.0,14.3
1963-08-21,24.3,9.3,0.1
1963-08-22,25.2,8.7,1.9
1963-08-23,25.9,8.3,0.3
1963-08-24,25.0,6.7,0.0
1963-08-25,24.8,6.0,0.0
1963-08-26,25.9,4.7,0.0
1963-08-27,26.1,5.0,0.0
1963-08-28,26.3,7.0,4.4
1963-08-29,26.8,9.0,0.0
1963-08-30,25.7,10.0,17.0
1963-08-31,25.2,5.7,1.1
1964-07-01,26.1,9.7,1.1
1964-07-02,27.3,9.0,0.1
1964-07-03,26.3,10.0,0.0
1964-07-04,26.9,4.0,0.0
1964-07-05,26.4,4.3,0.0
1964-07-06,27.8,8.0,0.0
1964-07-07,25.8,10.0,1.2
1964-07-08,27.1,7.7,1.8
1964-07-09,27.0,8.0,1.2
1964-07-10,26.9,9.0,0.0
1964-07-11,26.8,8.3,5.4
1964-07-12,25.7,10.0,3.7
1964-07-13,27.5,9.0,0.2
1964-07-14,27.8,9.7,0.0
1964-07-15,26.3,9.3,30.7
1964-07-16,25.0,9.3,30.0
1964-07-17,26.9,9.3,0.0
1964-07-18,24.1,10.0,71.0
1964-07-19,22.6,9.0,0.2
1964-07-20,23.6,4.3,0.0
1964-07-21,24.2,6.3,0.0
1964-07-22,25.9,5.0,0.0
1964-07-23,27.5,5.0,0.0
1964-07-24,27.2,5.0,0.0
1964-07-25,27.7,4.7,0.0
1964-07-26,28.3,4.3,0.0
1964-07-27,28.8,5.0,12.0
1964-07-28,28.1,3.0,0.0
1964-07-29,27.4,8.7,0.0
1964-07-30,26.2,5.7,22.8
1964-07-31,27.9,5.3,0.2
1964-08-01,28.2,0.7,0.0
1964-08-02,28.3,9.3,20.5
1964-08-03,27.1,9.7,7.2
1964-08-04,28.8,6.3,0.0
1964-08-05,28.4,6.0,0.0
1964-08-06,28.4,7.3,0.0
1964-08-07,28.5,10.0,0.2
1964-08-08,28.2,7.3,0.0
1964-08-09,27.4,9.3,75.0
1964-08-10,26.6,8.7,9.5
1964-08-11,27.8,7.0,0.0
1964-08-12,27.9,6.3,0.0
1964-08-13,27.5,3.7,0.0
1964-08-14,28.0,4.7,0.0
1964-08-15,26.8,3.3,0.0
1964-08-16,26.6,4.3,0.0
1964-08-17,28.1,2.3,0.0
1964-08-18,29.7,1.0,0.0
1964-08-19,28.4,5.0,0.4
1964-08-20,27.5,5.0,0.0
1964-08-21,27.0,5.3,1.2
1964-08-22,28.1,9.0,0.0
1964-08-23,28.0,9.7,1.1
1964-08-24,26.8,9.7,0.0
1964-08-25,25.3,5.0,0.0
1964-08-26,24.4,3.0,0.0
1964-08-27,25.3,5.0,0.0
1964-08-28,26.3,4.0,0.0
1964-08-29,26.7,6.3,0.0
1964-08-30,26.9,4.3,14.0
1964-08-31,27.2,10.0,0.0
1965-07-01,23.8,10.0,0.0
1965-07-02,22.0,7.5,0.6
1965-07-03,23.3,7.5,0.0
1965-07-04,22.9,10.0,34.9
1965-07-05,23.4,5.8,0.0
1965-07-06,23.1,7.5,0.0
1965-07-07,22.9,10.0,11.2
1965-07-08,24.4,9.3,4.8
1965-07-09,25.3,10.0,1.4
1965-07-10,24.4,10.0,28.5
1965-07-11,22.4,9.5,39.7
1965-07-12,23.9,10.0,63.7
1965-07-13,23.5,10.0,29.2
1965-07-14,26.2,9.5,1.3
1965-07-15,27.1,7.3,0.4
1965-07-16,24.4,10.0,112.5
1965-07-17,23.9,10.0,19.8
1965-07-18,24.8,10.0,4.4
1965-07-19,26.2,9.3,0.0
1965-07-20,26.4,9.8,0.8
1965-07-21,24.9,10.0,35.9
1965-07-22,24.4,10.0,34.0
1965-07-23,22.8,9.8,51.1
1965-07-24,21.8,10.0,40.6
1965-07-25,23.0,9.0,13.9
1965-07-26,25.6,5.3,0.0
1965-07-27,27.6,5.3,0.0
1965-07-28,28.1,4.5,0.0
1965-07-29,26.2,6.5,2.6
1965-07-30,25.1,4.3,0.0
1965-07-31,26.1,1.5,0.0
1965-08-01,26.9,3.3,0.0
1965-08-02,27.7,4.0,0.0
1965-08-03,26.9,8.3,0.0
1965-08-04,28.1,8.3,0.0
1965-08-05,28.3,7.8,0.0
1965-08-06,23.8,10.0,4.1
1965-08-07,24.7,7.8,0.0
1965-08-08,25.3,3.8,0.0
1965-08-09,26.1,6.8,0.0
1965-08-10,25.4,10.0,6.2
1965-08-11,25.5,10.0,2.7
1965-08-12,24.8,9.3,51.5
1965-08-13,27.3,8.5,0.0
1965-08-14,27.3,5.0,0.0
1965-08-15,27.0,5.8,0.0
1965-08-16,27.8,6.8,0.0
1965-08-17,26.8,5.5,0.2
1965-08-18,27.2,1.8,0.0
1965-08-19,27.1,4.5,0.1
1965-08-20,26.7,4.5,11.8
1965-08-21,26.0,5.3,0.0
1965-08-22,26.9,4.8,2.0
1965-08-23,24.7,5.8,0.1
1965-08-24,25.2,6.0,4.6
1965-08-25,25.8,5.5,0.0
1965-08-26,26.2,1.3,0.0
1965-08-27,25.6,5.5,17.7
1965-08-28,23.8,3.8,2.4
1965-08-29,24.1,9.0,1.7
1965-08-30,21.9,10.0,68.2
1965-08-31,23.4,9.0,1.5
1966-07-01,19.1,10.0,3.6
1966-07-02,19.2,10.0,7.8
1966-07-03,19.9,7.3,0.5
1966-07-04,22.0,3.0,0.0
1966-07-05,23.6,9.3,0.0
1966-07-06,24.4,8.3,0.1
1966-07-07,22.5,10.0,11.4
1966-07-08,23.2,8.5,0.3
1966-07-09,24.1,9.8,0.0
1966-07-10,24.5,10.0,0.0
1966-07-11,21.5,10.0,75.9
1966-07-12,21.4,8.0,4.7
1966-07-13,23.7,8.8,0.6
1966-07-14,26.0,10.0,0.2
1966-07-15,26.3,7.5,0.0
1966-07-16,26.5,8.3,0.0
1966-07-17,26.7,9.8,0.0
1966-07-18,26.2,8.5,1.2
1966-07-19,26.6,6.8,0.0
1966-07-20,26.6,10.0,0.9
1966-07-21,26.9,10.0,8.2
1966-07-22,26.3,10.0,12.4
1966-07-23,26.7,9.5,5.9
1966-07-24,27.2,9.0,0.0
1966-07-25,27.5,8.0,0.2
1966-07-26,28.4,6.3,0.0
1966-07-27,28.1,4.3,0.0
1966-07-28,28.3,3.3,0.0
1966-07-29,29.0,3.3,0.0
1966-07-30,27.9,7.5,0.0
1966-07-31,28.4,9.0,0.2
1966-08-01,28.8,6.3,0.0
1966-08-02,28.4,3.3,0.5
1966-08-03,30.1,6.8,0.0
1966-08-04,29.9,8.3,0.0
1966-08-05,29.4,7.8,0.0
1966-08-06,29.3,6.0,0.0
1966-08-07,30.5,3.3,0.0
1966-08-08,30.4,1.0,0.0
1966-08-09,30.1,1.5,0.0
1966-08-10,29.1,2.5,0.0
1966-08-11,28.3,7.5,1.2
1966-08-12,28.1,7.5,0.0
1966-08-13,28.5,2.8,0.0
1966-08-14,28.9,2.5,0.0
1966-08-15,29.4,2.5,0.0
1966-08-16,28.0,8.3,73.9
1966-08-17,27.3,7.5,14.0
1966-08-18,25.2,8.0,0.0
1966-08-19,23.8,9.5,0.0
1966-08-20,20.7,10.0,41.2
1966-08-21,26.8,8.5,0.2
1966-08-22,28.5,2.3,0.0
1966-08-23,26.6,8.8,0.0
1966-08-24,25.8,10.0,39.2
1966-08-25,26.0,10.0,3.4
1966-08-26,27.6,6.8,0.0
1966-08-27,27.7,2.5,0.0
1966-08-28,27.5,0.3,0.0
1966-08-29,27.9,2.8,0.0
1966-08-30,24.6,8.0,69.8
1966-08-31,25.8,5.5,8.6
1967-07-01,21.5,10.0,9.0
1967-07-02,23.0,10.0,28.4
1967-07-03,22.8,5.8,0.0
1967-07-04,22.1,7.5,0.0
1967-07-05,19.7,10.0,23.0
1967-07-06,19.9,10.0,9.3
1967-07-07,22.1,9.5,0.0
1967-07-08,22.0,10.0,0.0
1967-07-09,24.9,3.8,0.0
1967-07-10,24.6,8.0,0.0
1967-07-11,24.1,8.8,0.8
1967-07-12,26.3,9.5,0.2
1967-07-13,27.4,9.3,0.8
1967-07-14,26.1,8.0,26.8
1967-07-15,24.7,10.0,21.5
1967-07-16,27.5,9.3,1.4
1967-07-17,29.1,5.8,0.0
1967-07-18,29.1,5.8,0.0
1967-07-19,27.6,8.3,0.0
1967-07-20,28.3,6.5,0.0
1967-07-21,28.0,6.5,0.0
1967-07-22,28.4,6.3,0.9
1967-07-23,28.1,3.3,2.8
1967-07-24,27.8,0.8,0.0
1967-07-25,29.4,2.3,0.0
1967-07-26,28.5,8.8,0.0
1967-07-27,27.8,10.0,5.9
1967-07-28,27.7,7.3,4.0
1967-07-29,27.7,8.0,0.0
1967-07-30,28.3,2.8,0.0
1967-07-31,28.4,3.3,0.0
1967-08-01,28.1,0.5,0.0
1967-08-02,27.2,2.3,0.0
1967-08-03,27.0,4.8,0.0
1967-08-04,27.7,5.0,0.0
1967-08-05,28.2,8.3,0.0
1967-08-06,27.5,3.8,0.0
1967-08-07,28.2,4.8,0.0
1967-08-08,28.8,7.0,0.0
1967-08-09,29.4,2.3,0.0
1967-08-10,28.9,3.0,0.0
1967-08-11,28.9,3.5,0.0
1967-08-12,29.5,4.8,0.0
1967-08-13,29.3,2.3,0.0
1967-08-14,28.1,8.3,20.1
1967-08-15,28.5,7.5,3.7
1967-08-16,28.2,5.8,0.1
1967-08-17,28.8,5.8,0.0
1967-08-18,27.1,5.8,0.0
1967-08-19,26.9,7.0,0.0
1967-08-20,27.8,5.5,0.0
1967-08-21,27.5,2.5,0.0
1967-08-22,27.6,3.8,0.0
1967-08-23,28.9,2.5,0.0
1967-08-24,29.8,7.3,0.0
1967-08-25,29.8,7.3,0.0
1967-08-26,28.4,4.3,0.0
1967-08-27,28.3,7.5,0.0
1967-08-28,27.8,9.5,0.0
1967-08-29,28.0,9.0,0.0
1967-08-30,28.6,8.3,3.9
1967-08-31,27.2,4.8,0.0
1968-07-01,24.7,5.8,0.2
1968-07-02,24.0,6.8,8.2
1968-07-03,23.2,6.8,0.0
1968-07-04,23.1,7.8,0.0
1968-07-05,21.0,9.8,3.7
1968-07-06,22.5,5.8,0.0
1968-07-07,24.6,6.0,0.0
1968-07-08,22.8,9.0,0.0
1968-07-09,24.3,9.8,0.0
1968-07-10,24.5,6.0,0.0
1968-07-11,24.1,7.3,0.0
1968-07-12,25.3,7.8,0.0
1968-07-13,25.4,5.5,0.0
1968-07-14,26.4,10.0,16.2
1968-07-15,25.8,10.0,6.3
1968-07-16,26.5,9.5,0.0
1968-07-17,25.7,8.3,0.3
1968-07-18,26.6,10.0,0.4
1968-07-19,25.7,10.0,0.0
1968-07-20,27.7,4.5,0.0
1968-07-21,28.4,5.8,0.0
1968-07-22,28.4,2.0,0.0
1968-07-23,27.7,1.5,0.0
1968-07-24,28.0,0.0,0.0
1968-07-25,28.6,4.0,0.0
1968-07-26,28.2,1.0,0.0
1968-07-27,26.7,8.5,0.0
1968-07-28,28.0,10.0,0.4
1968-07-29,27.4,8.5,0.0
1968-07-30,27.4,3.0,0.0
1968-07-31,26.5,9.5,0.0
1968-08-01,25.2,9.8,21.0
1968-08-02,25.5,7.3,0.0
1968-08-03,24.8,8.3,4.0
1968-08-04,24.3,6.8,0.0
1968-08-05,25.9,10.0,1.2
1968-08-06,26.6,7.3,4.6
1968-08-07,27.8,5.3,0.0
1968-08-08,25.7,9.5,30.5
1968-08-09,25.4,8.8,0.0
1968-08-10,25.4,3.8,1.5
1968-08-11,26.3,7.0,0.0
1968-08-12,26.1,3.0,0.0
1968-08-13,26.1,2.3,0.0
1968-08-14,28.0,9.0,0.0
1968-08-15,25.9,9.5,27.3
1968-08-16,24.3,8.5,36.1
1968-08-17,25.7,4.3,0.0
1968-08-18,25.8,2.3,0.2
1968-08-19,27.1,6.5,2.1
1968-08-20,26.5,8.3,18.9
1968-08-21,26.8,4.3,0.0
1968-08-22,27.7,6.8,0.1
1968-08-23,24.7,9.5,48.4
1968-08-24,26.2,6.0,0.4
1968-08-25,25.5,4.5,0.0
1968-08-26,25.3,5.5,0.0
1968-08-27,25.5,2.0,0.0
1968-08-28,26.5,5.8,0.0
1968-08-29,23.6,2.5,0.0
1968-08-30,21.8,0.5,0.0
1968-08-31,20.7,2.5,0.0
1969-07-01,23.8,9.5,0.0
1969-07-02,22.4,1.8,0.0
1969-07-03,23.3,7.0,0.0
1969-07-04,21.7,10.0,15.8
1969-07-05,21.1,10.0,4.9
1969-07-06,23.4,9.5,0.0
1969-07-07,20.1,10.0,17.3
1969-07-08,18.3,10.0,22.2
1969-07-09,21.2,10.0,0.5
1969-07-10,18.0,10.0,35.8
1969-07-11,20.4,9.8,1.0
1969-07-12,21.4,10.0,28.8
1969-07-13,23.2,5.3,0.4
1969-07-14,23.3,7.0,0.2
1969-07-15,25.9,10.0,2.1
1969-07-16,24.9,10.0,41.9
1969-07-17,26.6,7.8,0.0
1969-07-18,27.0,8.8,0.4
1969-07-19,26.6,9.8,2.4
1969-07-20,25.8,10.0,11.7
1969-07-21,25.5,9.0,0.7
1969-07-22,26.5,8.3,0.0
1969-07-23,27.1,4.8,0.0
1969-07-24,27.8,6.8,0.0
1969-07-25,28.0,6.5,0.0
1969-07-26,27.8,7.3,0.0
1969-07-27,28.1,1.3,0.0
1969-07-28,28.5,7.0,0.5
1969-07-29,28.5,7.0,0.4
1969-07-30,28.4,9.5,0.5
1969-07-31,26.9,10.0,21.0
1969-08-01,26.7,9.5,13.8
1969-08-02,25.2,10.0,48.7
1969-08-03,25.7,9.5,28.7
1969-08-04,26.3,9.8,27.4
1969-08-05,26.3,9.5,8.1
1969-08-06,25.9,9.0,59.4
1969-08-07,27.6,7.5,50.8
1969-08-08,28.1,6.3,6.0
1969-08-09,27.8,3.3,0.0
1969-08-10,28.0,6.3,2.2
1969-08-11,28.0,8.0,1.1
1969-08-12,28.2,2.3,0.0
1969-08-13,26.7,6.3,1.6
1969-08-14,26.5,9.5,0.0
1969-08-15,26.6,5.3,0.1
1969-08-16,25.8,0.5,0.0
1969-08-17,26.6,0.0,0.0
1969-08-18,26.4,2.5,0.0
1969-08-19,25.3,4.0,21.8
1969-08-20,26.0,4.0,0.0
1969-08-21,27.2,3.3,0.0
1969-08-22,26.8,6.5,0.0
1969-08-23,26.4,0.5,0.0
1969-08-24,25.1,5.5,0.0
1969-08-25,25.0,7.0,0.5
1969-08-26,23.3,7.8,2.1
1969-08-27,24.2,2.0,0.0
1969-08-28,23.6,2.3,0.0
1969-08-29,23.5,5.8,1.3
1969-08-30,22.3,10.0,38.3
1969-08-31,22.8,9.3,19.1
1970-07-01,21.7,7.5,0.7
1970-07-02,23.8,2.0,0.0
1970-07-03,23.5,10.0,0.9
1970-07-04,23.2,8.8,65.1
1970-07-05,22.3,5.0,0.1
1970-07-06,19.7,7.5,0.1
1970-07-07,20.6,7.8,0.6
1970-07-08,20.2,10.0,10.2
1970-07-09,20.8,8.5,6.6
1970-07-10,22.1,6.8,0.0
1970-07-11,23.0,8.8,0.0
1970-07-12,23.1,5.5,0.2
1970-07-13,20.9,10.0,28.5
1970-07-14,22.8,10.0,42.3
1970-07-15,21.8,10.0,21.9
1970-07-16,23.9,10.0,64.9
1970-07-17,23.9,10.0,63.6
1970-07-18,23.0,9.3,26.6
1970-07-19,24.9,6.5,0.2
1970-07-20,25.4,5.3,0.0
1970-07-21,26.5,1.8,0.0
1970-07-22,28.2,6.8,0.0
1970-07-23,27.3,2.8,0.0
1970-07-24,26.2,4.3,0.0
1970-07-25,26.6,2.5,0.0
1970-07-26,27.6,3.3,0.0
1970-07-27,26.3,7.0,2.1
1970-07-28,26.8,6.8,0.9
1970-07-29,26.6,9.5,2.2
1970-07-30,27.3,7.0,0.0
1970-07-31,27.4,4.8,0.0
1970-08-01,28.1,5.5,0.0
1970-08-02,28.5,5.5,0.0
1970-08-03,28.3,6.3,1.5
1970-08-04,28.1,4.0,0.5
1970-08-05,28.6,3.8,0.0
1970-08-06,27.9,9.8,1.7
1970-08-07,27.7,8.5,1.4
1970-08-08,27.9,7.8,0.0
1970-08-09,28.5,3.5,0.0
1970-08-10,29.0,7.8,0.0
1970-08-11,29.5,3.3,7.4
1970-08-12,28.5,8.3,0.0
1970-08-13,27.4,6.3,0.0
1970-08-14,27.3,6.3,0.0
1970-08-15,27.6,6.5,0.0
1970-08-16,26.5,5.0,0.0
1970-08-17,26.2,9.5,0.2
1970-08-18,25.0,8.3,6.7
1970-08-19,25.3,5.3,0.0
1970-08-20,27.1,1.0,0.0
1970-08-21,28.3,0.8,0.0
1970-08-22,25.4,7.5,1.7
1970-08-23,25.9,7.8,5.9
1970-08-24,25.4,9.0,15.5
1970-08-25,26.7,7.5,0.0
1970-08-26,27.5,4.0,0.0
1970-08-27,27.5,1.8,0.0
1970-08-28,28.1,2.5,0.0
1970-08-29,26.1,7.5,0.0
1970-08-30,25.2,10.0,56.6
1970-08-31,24.4,8.3,24.6
1971-07-01,25.8,8.0,14.1
1971-07-02,26.5,8.3,0.0
1971-07-03,27.1,6.0,0.0
1971-07-04,27.4,4.8,0.0
1971-07-05,27.5,4.8,0.0
1971-07-06,27.4,2.0,0.0
1971-07-07,27.7,7.5,12.0
1971-07-08,24.1,7.3,15.0
1971-07-09,23.5,9.0,0.0
1971-07-10,26.7,9.3,7.2
1971-07-11,23.2,10.0,37.7
1971-07-12,24.7,10.0,5.8
1971-07-13,26.8,8.0,0.0
1971-07-14,27.4,6.3,0.0
1971-07-15,25.8,8.0,29.1
1971-07-16,26.9,7.0,0.0
1971-07-17,24.9,8.0,8.4
1971-07-18,24.5,7.8,0.0
1971-07-19,23.4,10.0,2.7
1971-07-20,21.7,10.0,2.4
1971-07-21,24.5,7.8,75.3
1971-07-22,24.1,9.3,46.9
1971-07-23,24.6,5.5,0.0
1971-07-24,23.3,4.8,0.0
1971-07-25,23.1,10.0,90.1
1971-07-26,27.0,8.0,4.8
1971-07-27,28.2,6.8,6.8
1971-07-28,27.9,7.3,0.0
1971-07-29,28.0,5.5,0.0
1971-07-30,28.6,6.8,0.0
1971-07-31,29.1,2.5,0.0
1971-08-01,28.7,1.0,0.0
1971-08-02,28.7,3.3,0.0
1971-08-03,28.8,4.8,0.0
1971-08-04,27.0,7.5,11.2
1971-08-05,25.8,9.0,0.0
1971-08-06,24.9,1.8,0.0
1971-08-07,25.1,3.5,0.0
1971-08-08,25.5,5.5,0.0
1971-08-09,27.6,3.3,0.0
1971-08-10,25.9,10.0,58.0
1971-08-11,25.1,8.0,4.8
1971-08-12,25.8,5.3,0.0
1971-08-13,26.6,4.5,0.0
1971-08-14,26.4,7.3,0.2
1971-08-15,26.8,8.8,0.0
1971-08-16,26.4,6.8,0.0
1971-08-17,24.7,6.5,0.0
1971-08-18,21.9,10.0,5.1
1971-08-19,20.4,10.0,30.2
1971-08-20,24.2,9.5,26.8
1971-08-21,23.3,9.8,4.3
1971-08-22,23.2,10.0,18.3
1971-08-23,24.4,8.3,11.3
1971-08-24,24.0,8.8,0.5
1971-08-25,25.0,6.5,0.0
1971-08-26,25.1,2.3,0.0
1971-08-27,26.5,3.5,0.0
1971-08-28,27.2,2.5,0.0
1971-08-29,27.3,3.0,0.0
1971-08-30,27.1,1.3,0.0
1971-08-31,26.0,3.5,0.0
1972-07-01,24.1,6.0,0.0
1972-07-02,23.8,9.3,0.0
1972-07-03,24.1,10.0,106.9
1972-07-04,23.7,10.0,6.4
1972-07-05,24.3,10.0,29.7
1972-07-06,25.9,9.8,0.0
1972-07-07,26.9,7.8,0.0
1972-07-08,26.2,10.0,0.0
1972-07-09,22.2,10.0,131.7
1972-07-10,17.6,10.0,79.8
1972-07-11,19.4,10.0,81.2
1972-07-12,22.4,9.8,0.0
1972-07-13,23.2,5.8,0.0
1972-07-14,23.7,9.8,0.0
1972-07-15,24.3,6.3,0.0
1972-07-16,23.4,10.0,0.0
1972-07-17,26.3,7.5,0.0
1972-07-18,27.4,6.8,0.0
1972-07-19,28.0,2.8,0.0
1972-07-20,29.3,4.5,0.0
1972-07-21,29.0,4.3,0.0
1972-07-22,29.7,1.0,0.0
1972-07-23,29.5,2.0,0.0
1972-07-24,27.4,5.3,0.6
1972-07-25,27.3,9.5,33.2
1972-07-26,25.5,10.0,24.3
1972-07-27,24.6,8.8,0.5
1972-07-28,26.0,4.8,0.0
1972-07-29,25.9,6.8,0.0
1972-07-30,26.0,6.3,0.0
1972-07-31,26.0,5.5,0.0
1972-08-01,26.7,4.5,0.0
1972-08-02,27.4,6.3,9.2
1972-08-03,27.1,8.5,1.9
1972-08-04,27.1,9.5,0.0
1972-08-05,27.5,5.8,0.0
1972-08-06,27.4,8.0,0.0
1972-08-07,27.1,6.8,0.0
1972-08-08,26.7,6.3,1.2
1972-08-09,24.3,9.8,41.3
1972-08-10,23.2,3.3,0.0
1972-08-11,22.6,0.5,0.0
1972-08-12,23.1,2.8,0.0
1972-08-13,24.8,4.3,0.0
1972-08-14,27.3,6.8,0.0
1972-08-15,27.5,4.5,0.0
1972-08-16,27.7,2.3,0.0
1972-08-17,28.0,6.0,0.0
1972-08-18,26.7,7.3,16.1
1972-08-19,25.4,8.3,23.3
1972-08-20,21.7,9.8,73.0
1972-08-21,24.0,9.0,0.0
1972-08-22,24.1,4.3,0.0
1972-08-23,24.1,6.0,0.0
1972-08-24,24.0,2.3,0.0
1972-08-25,24.2,9.5,22.5
1972-08-26,24.1,9.8,68.8
1972-08-27,24.2,10.0,2.8
1972-08-28,18.6,7.5,40.0
1972-08-29,17.4,7.5,1.0
1972-08-30,23.0,9.0,9.3
1972-08-31,20.1,8.5,0.3
1973-07-01,23.6,5.0,2.8
1973-07-02,26.3,5.0,0.0
1973-07-03,25.6,3.5,0.0
1973-07-04,25.7,3.5,0.0
1973-07-05,25.7,9.5,0.0
1973-07-06,25.9,5.0,34.0
1973-07-07,26.0,0.5,0.0
1973-07-08,26.7,0.3,0.0
1973-07-09,26.9,0.5,0.0
1973-07-10,26.8,0.5,0.0
1973-07-11,27.1,1.0,0.0
1973-07-12,28.0,2.0,0.0
1973-07-13,27.9,5.0,0.0
1973-07-14,28.2,2.5,0.0
1973-07-15,28.9,2.0,0.0
1973-07-16,28.6,8.8,0.0
1973-07-17,29.2,3.5,0.0
1973-07-18,27.9,7.0,15.8
1973-07-19,26.8,9.3,61.0
1973-07-20,27.8,9.5,1.2
1973-07-21,27.9,3.3,0.0
1973-07-22,25.5,5.0,35.7
1973-07-23,27.2,4.8,0.0
1973-07-24,28.0,1.0,0.0
1973-07-25,28.2,7.5,0.7
1973-07-26,28.2,9.0,0.0
1973-07-27,26.9,6.3,21.0
1973-07-28,27.2,2.8,0.0
1973-07-29,26.4,6.5,0.0
1973-07-30,26.1,10.0,55.6
1973-07-31,25.8,6.3,3.8
1973-08-01,25.9,9.0,5.0
1973-08-02,26.6,9.5,19.5
1973-08-03,27.5,9.8,31.3
1973-08-04,27.9,4.3,0.0
1973-08-05,28.1,2.3,0.0
1973-08-06,27.7,3.5,0.0
1973-08-07,26.9,4.3,0.0
1973-08-08,27.8,3.5,0.0
1973-08-09,27.9,2.5,0.0
1973-08-10,27.7,3.0,0.0
1973-08-11,27.5,4.8,0.0
1973-08-12,27.5,1.8,0.0
1973-08-13,27.7,1.8,0.0
1973-08-14,28.9,1.0,0.0
1973-08-15,29.4,6.8,0.0
1973-08-16,29.4,7.5,2.0
1973-08-17,25.0,10.0,47.1
1973-08-18,26.5,3.8,0.0
1973-08-19,26.9,5.8,0.0
1973-08-20,27.5,6.0,0.0
1973-08-21,26.9,2.3,0.0
1973-08-22,26.4,7.8,0.0
1973-08-23,26.0,8.5,0.0
1973-08-24,26.4,6.5,0.0
1973-08-25,25.5,7.0,2.9
1973-08-26,26.1,4.5,0.0
1973-08-27,26.5,4.5,0.0
1973-08-28,27.9,5.5,0.0
1973-08-29,25.6,7.0,18.0
1973-08-30,25.6,7.0,0.0
1973-08-31,25.7,6.3,0.0
1974-07-01,22.3,7.5,0.0
1974-07-02,21.1,8.5,12.4
1974-07-03,21.5,9.8,56.6
1974-07-04,22.2,9.5,34.0
1974-07-05,23.8,9.8,0.0
1974-07-06,21.7,10.0,45.3
1974-07-07,21.8,6.5,0.0
1974-07-08,22.5,8.8,0.1
1974-07-09,23.5,9.0,42.9
1974-07-10,24.9,7.8,0.3
1974-07-11,23.8,9.0,0.0
1974-07-12,22.5,8.5,0.0
1974-07-13,22.0,10.0,24.4
1974-07-14,23.2,10.0,2.0
1974-07-15,23.8,10.0,0.1
1974-07-16,24.3,9.3,0.0
1974-07-17,25.2,8.3,0.0
1974-07-18,23.9,8.3,6.8
1974-07-19,25.0,8.8,0.1
1974-07-20,26.9,7.0,0.0
1974-07-21,23.5,9.0,58.1
1974-07-22,23.3,10.0,12.4
1974-07-23,24.1,9.0,0.3
1974-07-24,23.0,8.3,0.0
1974-07-25,23.2,7.3,0.0
1974-07-26,22.7,10.0,2.2
1974-07-27,25.5,10.0,0.0
1974-07-28,23.7,10.0,106.0
1974-07-29,23.1,10.0,25.9
1974-07-30,24.3,9.5,60.0
1974-07-31,25.4,6.8,16.3
1974-08-01,26.9,6.0,1.6
1974-08-02,27.4,6.8,0.0
1974-08-03,27.6,7.8,0.0
1974-08-04,27.2,7.0,0.0
1974-08-05,27.2,7.0,0.0
1974-08-06,26.4,9.0,1.1
1974-08-07,26.7,7.0,0.1
1974-08-08,26.8,9.5,0.0
1974-08-09,27.0,5.0,0.0
1974-08-10,26.8,2.3,0.0
1974-08-11,27.0,0.8,0.0
1974-08-12,27.3,3.3,0.0
1974-08-13,27.5,4.5,0.0
1974-08-14,27.9,5.8,0.2
1974-08-15,27.8,5.0,0.4
1974-08-16,27.7,4.0,0.0
1974-08-17,28.3,1.8,0.0
1974-08-18,28.0,1.5,0.0
1974-08-19,28.4,4.3,0.0
1974-08-20,28.3,4.8,0.0
1974-08-21,27.1,8.0,0.0
1974-08-22,27.1,9.0,0.0
1974-08-23,26.4,9.5,0.0
1974-08-24,22.3,8.5,34.1
1974-08-25,22.8,3.0,0.0
1974-08-26,23.1,0.5,0.0
1974-08-27,23.7,1.8,0.0
1974-08-28,21.9,8.0,9.8
1974-08-29,24.0,10.0,26.2
1974-08-30,21.0,10.0,244.6
1974-08-31,22.0,10.0,35.6
1975-07-01,24.1,5.5,0.0
1975-07-02,24.3,5.8,0.0
1975-07-03,24.6,7.3,0.0
1975-07-04,25.0,6.5,0.0
1975-07-05,21.8,10.0,18.4
1975-07-06,22.5,10.0,34.6
1975-07-07,21.4,9.5,0.5
1975-07-08,22.8,5.3,0.0
1975-07-09,24.9,5.5,0.0
1975-07-10,25.8,10.0,0.1
1975-07-11,24.7,9.8,35.1
1975-07-12,22.9,9.8,39.6
1975-07-13,24.9,8.8,0.0
1975-07-14,25.8,9.5,1.5
1975-07-15,27.4,2.5,0.0
1975-07-16,26.4,7.5,8.0
1975-07-17,27.0,7.0,0.0
1975-07-18,27.5,9.8,0.0
1975-07-19,27.2,9.3,0.0
1975-07-20,27.6,2.3,0.0
1975-07-21,27.7,5.8,0.0
1975-07-22,27.9,3.8,0.0
1975-07-23,28.0,6.8,0.0
1975-07-24,26.1,7.5,17.8
1975-07-25,26.2,8.5,18.6
1975-07-26,26.7,8.5,121.4
1975-07-27,26.2,8.8,32.9
1975-07-28,26.6,9.0,13.9
1975-07-29,27.7,2.8,0.0
1975-07-30,28.4,1.8,0.1
1975-07-31,26.2,10.0,17.7
1975-08-01,27.9,9.3,7.6
1975-08-02,28.1,1.5,0.0
1975-08-03,28.2,1.8,0.0
1975-08-04,27.9,3.5,0.0
1975-08-05,28.0,4.8,0.0
1975-08-06,26.2,7.5,27.6
1975-08-07,26.4,4.5,0.2
1975-08-08,26.8,3.5,0.0
1975-08-09,25.3,3.3,0.0
1975-08-10,25.2,3.5,0.0
1975-08-11,26.0,2.0,0.0
1975-08-12,27.2,4.0,0.0
1975-08-13,27.5,4.5,0.0
1975-08-14,27.5,6.3,6.2
1975-08-15,27.1,6.8,0.0
1975-08-16,27.8,3.3,0.0
1975-08-17,28.9,0.8,0.0
1975-08-18,29.3,3.5,0.0
1975-08-19,29.2,6.0,0.4
1975-08-20,27.6,8.3,22.4
1975-08-21,27.7,8.0,23.3
1975-08-22,27.6,3.3,0.0
1975-08-23,26.5,3.8,2.5
1975-08-24,26.9,8.0,0.0
1975-08-25,25.8,0.3,0.0
1975-08-26,26.5,4.3,0.0
1975-08-27,27.2,2.3,0.0
1975-08-28,26.2,4.8,0.7
1975-08-29,26.9,6.8,1.5
1975-08-30,24.7,4.8,75.0
1975-08-31,26.4,4.5,2.1
1976-07-01,20.0,9.5,3.2
1976-07-02,21.3,9.5,9.0
1976-07-03,18.4,10.0,23.3
1976-07-04,19.5,10.0,0.0
1976-07-05,20.8,9.8,15.3
1976-07-06,21.3,5.5,0.3
1976-07-07,21.4,1.5,0.0
1976-07-08,22.6,5.0,0.0
1976-07-09,22.7,8.8,9.0
1976-07-10,19.8,9.3,0.0
1976-07-11,21.8,3.8,0.0
1976-07-12,22.6,7.5,23.6
1976-07-13,22.6,9.5,3.6
1976-07-14,23.7,6.5,0.0
1976-07-15,23.7,10.0,0.5
1976-07-16,23.8,8.3,8.5
1976-07-17,22.3,8.0,0.0
1976-07-18,25.0,5.3,0.0
1976-07-19,26.3,5.5,0.0
1976-07-20,26.0,6.0,1.2
1976-07-21,24.8,9.8,0.0
1976-07-22,24.9,9.8,0.0
1976-07-23,26.3,6.3,0.0
1976-07-24,24.3,4.8,0.0
1976-07-25,25.5,1.0,0.0
1976-07-26,26.0,3.3,0.0
1976-07-27,26.8,3.0,1.6
1976-07-28,26.8,4.0,0.0
1976-07-29,26.5,2.5,0.0
1976-07-30,26.5,3.0,0.0
1976-07-31,26.9,3.3,0.0
1976-08-01,27.9,4.5,0.0
1976-08-02,27.4,6.8,1.5
1976-08-03,26.4,9.0,14.1
1976-08-04,25.3,8.8,0.0
1976-08-05,27.1,9.3,3.0
1976-08-06,26.2,9.0,37.0
1976-08-07,26.8,6.0,0.0
1976-08-08,25.8,5.5,0.0
1976-08-09,27.5,5.0,0.0
1976-08-10,26.5,9.8,4.6
1976-08-11,27.6,5.8,0.0
1976-08-12,28.2,5.3,0.0
1976-08-13,28.4,6.8,0.0
1976-08-14,27.3,8.5,8.5
1976-08-15,25.3,8.0,0.4
1976-08-16,25.1,1.3,0.0
1976-08-17,25.1,3.5,0.0
1976-08-18,24.7,6.3,6.6
1976-08-19,27.2,5.8,0.0
1976-08-20,27.8,3.3,0.0
1976-08-21,27.0,4.3,1.6
1976-08-22,28.8,6.0,15.3
1976-08-23,25.3,8.3,26.3
1976-08-24,24.5,3.5,0.0
1976-08-25,21.6,7.5,42.8
1976-08-26,22.0,10.0,5.0
1976-08-27,23.9,10.0,18.0
1976-08-28,24.2,9.5,0.2
1976-08-29,23.2,9.8,3.0
1976-08-30,22.8,6.3,26.8
1976-08-31,22.0,2.8,0.0
1977-07-01,25.2,9.0,0.4
1977-07-02,26.4,3.5,0.0
1977-07-03,26.5,6.8,0.0
1977-07-04,25.9,10.0,1.2
1977-07-05,26.9,8.3,0.0
1977-07-06,25.8,10.0,0.0
1977-07-07,27.1,9.5,0.0
1977-07-08,25.9,9.0,0.0
1977-07-09,24.9,9.5,13.5
1977-07-10,27.5,5.0,0.0
1977-07-11,24.7,7.3,0.0
1977-07-12,24.9,10.0,8.8
1977-07-13,23.2,10.0,5.1
1977-07-14,23.7,10.0,3.8
1977-07-15,27.7,7.5,0.0
1977-07-16,25.2,7.8,1.8
1977-07-17,23.8,7.5,0.0
1977-07-18,24.4,8.0,0.2
1977-07-19,25.0,8.8,0.0
1977-07-20,27.1,5.3,0.0
1977-07-21,28.1,5.3,0.0
1977-07-22,28.3,6.5,0.0
1977-07-23,27.7,5.8,0.0
1977-07-24,28.4,2.3,0.0
1977-07-25,29.0,5.5,0.0
1977-07-26,27.6,6.3,2.7
1977-07-27,29.3,2.5,0.0
1977-07-28,29.0,1.3,0.0
1977-07-29,29.2,2.0,0.0
1977-07-30,29.5,3.0,0.0
1977-07-31,29.4,4.3,0.0
1977-08-01,29.0,1.5,0.0
1977-08-02,28.2,2.5,0.0
1977-08-03,27.6,2.8,0.0
1977-08-04,26.1,8.8,22.8
1977-08-05,25.8,3.3,0.0
1977-08-06,26.2,6.8,0.0
1977-08-07,26.9,9.8,61.4
1977-08-08,26.3,7.8,46.1
1977-08-09,25.3,4.8,0.0
1977-08-10,25.5,7.5,0.0
1977-08-11,25.4,4.3,0.0
1977-08-12,23.1,5.0,0.0
1977-08-13,23.7,6.0,0.0
1977-08-14,22.4,3.0,0.0
1977-08-15,22.5,9.3,1.6
1977-08-16,22.3,10.0,13.3
1977-08-17,24.3,8.0,0.0
1977-08-18,24.8,5.5,0.0
1977-08-19,24.2,9.5,1.3
1977-08-20,25.2,5.5,0.0
1977-08-21,25.2,4.0,0.0
1977-08-22,24.0,6.5,0.0
1977-08-23,21.6,7.5,2.4
1977-08-24,22.0,10.0,1.7
1977-08-25,23.0,9.8,0.0
1977-08-26,24.1,9.5,1.0
1977-08-27,25.1,7.3,0.0
1977-08-28,24.9,8.8,0.0
1977-08-29,25.2,6.0,0.0
1977-08-30,24.7,4.3,0.0
1977-08-31,25.0,6.5,4.2
1978-07-01,28.3,6.5,0.0
1978-07-02,28.4,5.5,0.0
1978-07-03,28.4,4.0,0.0
1978-07-04,28.4,6.3,0.0
1978-07-05,29.4,1.8,0.0
1978-07-06,29.5,1.8,0.0
1978-07-07,28.9,3.3,0.0
1978-07-08,28.6,2.5,0.0
1978-07-09,28.2,3.3,0.0
1978-07-10,27.0,6.3,0.0
1978-07-11,26.5,9.0,1.0
1978-07-12,24.8,8.0,49.4
1978-07-13,26.9,8.3,3.4
1978-07-14,28.1,4.3,0.0
1978-07-15,27.5,8.3,2.8
1978-07-16,27.0,8.5,20.0
1978-07-17,24.4,10.0,65.1
1978-07-18,24.6,9.3,28.4
1978-07-19,26.6,8.8,14.1
1978-07-20,28.1,8.8,0.4
1978-07-21,28.3,6.3,0.3
1978-07-22,29.1,4.0,0.0
1978-07-23,28.3,5.3,6.8
1978-07-24,29.0,3.5,0.0
1978-07-25,28.7,6.0,4.8
1978-07-26,28.9,3.3,0.0
1978-07-27,29.0,0.8,0.0
1978-07-28,29.3,2.3,0.0
1978-07-29,28.5,6.0,0.0
1978-07-30,29.1,6.3,0.0
1978-07-31,29.3,6.8,0.0
1978-08-01,29.2,9.3,0.0
1978-08-02,27.9,8.8,0.0
1978-08-03,27.0,3.3,0.0
1978-08-04,26.8,4.0,0.0
1978-08-05,27.6,0.8,0.0
1978-08-06,28.6,6.8,0.0
1978-08-07,26.6,7.0,2.1
1978-08-08,27.9,7.8,0.0
1978-08-09,27.6,4.0,0.0
1978-08-10,27.7,4.5,0.0
1978-08-11,27.4,4.0,10.1
1978-08-12,27.2,5.5,0.0
1978-08-13,26.6,9.0,34.0
1978-08-14,26.7,8.0,0.0
1978-08-15,27.4,3.3,0.0
1978-08-16,27.1,6.5,6.0
1978-08-17,28.1,8.5,11.0
1978-08-18,25.3,8.3,53.0
1978-08-19,23.9,10.0,141.9
1978-08-20,22.1,8.0,106.8
1978-08-21,24.6,7.0,0.0
1978-08-22,26.1,7.0,1.3
1978-08-23,27.2,8.0,0.0
1978-08-24,27.5,8.8,2.9
1978-08-25,25.9,9.5,20.8
1978-08-26,26.5,5.8,36.2
1978-08-27,26.5,4.0,0.4
1978-08-28,27.5,1.8,0.0
1978-08-29,27.4,5.3,7.6
1978-08-30,24.3,7.5,3.2
1978-08-31,24.6,5.8,0.8
1979-07-01,24.5,9.5,0.7
1979-07-02,24.2,7.3,0.0
1979-07-03,22.0,8.3,1.2
1979-07-04,22.3,7.5,0.4
1979-07-05,23.6,4.3,0.0
1979-07-06,23.1,6.0,0.0
1979-07-07,22.6,8.3,0.4
1979-07-08,25.0,3.3,0.0
1979-07-09,25.2,7.8,0.0
1979-07-10,23.4,10.0,14.2
1979-07-11,23.2,8.3,0.9
1979-07-12,25.4,5.5,0.0
1979-07-13,23.7,10.0,11.7
1979-07-14,24.9,9.3,0.0
1979-07-15,26.3,7.5,0.0
1979-07-16,22.6,10.0,38.8
1979-07-17,22.4,10.0,9.2
1979-07-18,23.5,9.5,0.0
1979-07-19,24.1,7.3,0.0
1979-07-20,24.2,7.5,0.9
1979-07-21,25.9,9.8,2.9
1979-07-22,26.1,8.0,6.9
1979-07-23,25.0,6.5,0.0
1979-07-24,25.7,8.0,6.9
1979-07-25,27.5,7.5,0.0
1979-07-26,27.2,6.8,1.4
1979-07-27,28.0,5.5,2.6
1979-07-28,27.1,7.5,4.0
1979-07-29,26.9,6.5,0.0
1979-07-30,27.9,6.8,0.0
1979-07-31,28.7,3.5,0.0
1979-08-01,28.9,3.3,0.0
1979-08-02,28.6,5.3,1.0
1979-08-03,28.2,5.3,3.1
1979-08-04,27.1,7.3,0.0
1979-08-05,25.2,9.5,63.8
1979-08-06,27.3,9.8,0.2
1979-08-07,26.7,9.3,0.2
1979-08-08,26.4,7.0,0.0
1979-08-09,27.2,3.8,0.0
1979-08-10,27.8,2.0,2.5
1979-08-11,27.7,4.0,0.0
1979-08-12,27.5,1.5,0.0
1979-08-13,27.6,2.0,0.0
1979-08-14,27.3,4.0,0.0
1979-08-15,27.7,8.5,0.0
1979-08-16,28.7,10.0,1.2
1979-08-17,25.4,10.0,60.2
1979-08-18,24.8,4.8,0.0
1979-08-19,23.5,1.8,0.0
1979-08-20,23.4,6.0,0.0
1979-08-21,24.8,9.0,0.4
1979-08-22,26.1,7.3,0.4
1979-08-23,26.3,6.5,4.6
1979-08-24,25.9,5.5,0.0
1979-08-25,24.7,10.0,128.9
1979-08-26,26.1,7.5,9.7
1979-08-27,23.3,2.5,0.0
1979-08-28,21.6,1.0,0.0
1979-08-29,21.5,8.0,0.0
1979-08-30,23.0,5.8,0.0
1979-08-31,23.3,4.3,0.0
1980-07-01,21.3,10.0,16.6
1980-07-02,21.2,10.0,1.7
1980-07-03,20.7,10.0,5.5
1980-07-04,21.6,10.0,0.1
1980-07-05,22.8,9.5,0.6
1980-07-06,22.6,8.8,0.0
1980-07-07,23.4,7.5,0.0
1980-07-08,23.6,8.0,0.0
1980-07-09,24.0,7.0,0.0
1980-07-10,22.2,10.0,61.0
1980-07-11,22.5,10.0,54.4
1980-07-12,23.6,9.8,0.0
1980-07-13,22.4,9.8,14.9
1980-07-14,22.5,10.0,32.1
1980-07-15,22.7,6.8,2.6
1980-07-16,24.0,6.5,0.3
1980-07-17,20.9,10.0,40.3
1980-07-18,22.8,9.5,5.7
1980-07-19,24.3,9.8,92.8
1980-07-20,27.1,8.5,0.0
1980-07-21,27.3,8.3,1.5
1980-07-22,27.1,8.8,0.0
1980-07-23,25.2,8.8,7.3
1980-07-24,24.0,3.3,0.0
1980-07-25,21.6,7.5,18.8
1980-07-26,25.4,6.8,0.0
1980-07-27,25.5,3.5,0.0
1980-07-28,25.5,8.5,0.1
1980-07-29,24.8,10.0,36.0
1980-07-30,22.5,10.0,18.2
1980-07-31,23.7,8.0,0.0
1980-08-01,23.9,8.3,0.0
1980-08-02,22.8,6.8,0.0
1980-08-03,22.7,6.0,0.0
1980-08-04,22.6,4.8,0.0
1980-08-05,22.5,10.0,0.0
1980-08-06,22.5,10.0,0.8
1980-08-07,21.8,10.0,1.5
1980-08-08,22.5,10.0,6.0
1980-08-09,23.3,7.0,0.0
1980-08-10,23.4,3.3,0.0
1980-08-11,23.1,6.0,0.0
1980-08-12,22.9,10.0,2.0
1980-08-13,23.0,10.0,66.0
1980-08-14,23.0,10.0,2.9
1980-08-15,22.0,10.0,20.5
1980-08-16,23.1,10.0,0.1
1980-08-17,23.1,10.0,6.0
1980-08-18,23.0,8.8,9.4
1980-08-19,24.4,10.0,5.8
1980-08-20,23.6,10.0,17.5
1980-08-21,24.2,9.8,0.0
1980-08-22,23.4,7.3,0.0
1980-08-23,24.2,3.3,0.0
1980-08-24,23.2,9.8,0.2
1980-08-25,22.4,10.0,49.4
1980-08-26,23.7,9.5,0.5
1980-08-27,23.6,6.5,0.0
1980-08-28,22.0,9.8,35.0
1980-08-29,21.0,10.0,122.9
1980-08-30,21.1,10.0,158.1
1980-08-31,23.0,7.8,0.0
1981-07-01,24.1,10.0,69.4
1981-07-02,25.1,10.0,6.9
1981-07-03,24.1,10.0,29.2
1981-07-04,25.6,10.0,0.5
1981-07-05,25.7,7.5,0.0
1981-07-06,24.1,10.0,24.6
1981-07-07,25.4,9.0,0.0
1981-07-08,26.1,9.5,0.0
1981-07-09,23.9,9.5,58.7
1981-07-10,22.8,9.5,1.8
1981-07-11,21.7,10.0,75.0
1981-07-12,24.5,10.0,51.8
1981-07-13,25.9,10.0,3.0
1981-07-14,27.7,7.3,0.0
1981-07-15,27.5,6.5,0.0
1981-07-16,27.3,5.3,1.0
1981-07-17,28.4,5.8,0.0
1981-07-18,28.2,3.3,0.0
1981-07-19,28.3,1.5,0.0
1981-07-20,28.2,0.0,0.0
1981-07-21,26.8,1.5,0.0
1981-07-22,27.6,8.8,0.0
1981-07-23,26.7,7.5,0.0
1981-07-24,28.3,8.3,4.3
1981-07-25,27.1,4.8,3.7
1981-07-26,28.9,8.8,0.0
1981-07-27,28.5,7.8,1.0
1981-07-28,28.9,10.0,1.4
1981-07-29,28.8,7.8,0.0
1981-07-30,28.5,5.0,0.1
1981-07-31,28.4,5.0,11.7
1981-08-01,26.1,8.8,72.6
1981-08-02,27.7,8.3,3.6
1981-08-03,27.2,10.0,2.3
1981-08-04,25.2,10.0,18.8
1981-08-05,24.1,5.8,5.0
1981-08-06,23.1,10.0,0.2
1981-08-07,24.2,10.0,1.9
1981-08-08,26.6,7.3,0.0
1981-08-09,28.9,8.5,0.0
1981-08-10,24.6,8.5,22.2
1981-08-11,25.9,8.0,12.7
1981-08-12,24.8,3.3,0.0
1981-08-13,24.7,7.3,0.0
1981-08-14,25.2,4.5,0.0
1981-08-15,25.1,1.3,0.0
1981-08-16,26.2,8.3,0.0
1981-08-17,27.0,10.0,0.0
1981-08-18,26.2,8.3,20.5
1981-08-19,25.9,10.0,0.0
1981-08-20,26.7,9.5,0.4
1981-08-21,25.8,6.0,0.0
1981-08-22,24.7,3.8,0.0
1981-08-23,24.2,0.8,0.0
1981-08-24,23.0,9.3,0.0
1981-08-25,24.7,9.5,24.8
1981-08-26,24.3,9.8,0.1
1981-08-27,23.7,3.8,0.0
1981-08-28,23.2,4.5,0.0
1981-08-29,25.5,9.5,3.5
1981-08-30,25.5,8.3,62.2
1981-08-31,27.7,8.8,0.4
1982-07-01,23.1,3.8,1.6
1982-07-02,23.5,2.8,0.0
1982-07-03,25.0,3.5,0.0
1982-07-04,24.7,8.3,0.0
1982-07-05,24.4,8.0,0.0
1982-07-06,25.8,10.0,0.0
1982-07-07,23.3,9.0,29.0
1982-07-08,25.0,5.0,0.0
1982-07-09,26.5,3.8,0.0
1982-07-10,26.0,10.0,6.6
1982-07-11,24.4,10.0,1.4
1982-07-12,25.7,9.0,0.0
1982-07-13,21.2,10.0,16.7
1982-07-14,22.8,10.0,36.1
1982-07-15,24.2,10.0,0.0
1982-07-16,24.1,9.0,1.3
1982-07-17,24.2,6.0,0.0
1982-07-18,22.7,10.0,0.0
1982-07-19,24.0,7.0,0.0
1982-07-20,25.0,9.3,0.0
1982-07-21,26.0,4.8,0.0
1982-07-22,25.4,10.0,0.9
1982-07-23,21.3,10.0,49.7
1982-07-24,23.2,10.0,2.8
1982-07-25,23.1,10.0,23.5
1982-07-26,26.1,5.5,0.0
1982-07-27,25.8,9.5,0.0
1982-07-28,27.1,9.3,0.0
1982-07-29,23.0,10.0,18.7
1982-07-30,26.4,6.8,0.0
1982-07-31,26.9,2.5,0.0
1982-08-01,25.6,3.5,0.0
1982-08-02,25.9,8.5,0.0
1982-08-03,25.7,3.8,0.0
1982-08-04,26.9,7.8,0.0
1982-08-05,27.4,9.0,1.0
1982-08-06,28.4,5.0,0.0
1982-08-07,28.5,5.8,9.3
1982-08-08,29.0,7.8,0.0
1982-08-09,28.4,5.8,0.8
1982-08-10,27.5,4.5,4.6
1982-08-11,26.8,4.8,0.0
1982-08-12,27.1,6.5,0.8
1982-08-13,25.4,10.0,86.8
1982-08-14,27.1,9.5,3.1
1982-08-15,26.8,9.5,0.0
1982-08-16,26.7,8.0,0.0
1982-08-17,27.1,8.0,0.0
1982-08-18,27.3,5.5,0.0
1982-08-19,27.5,7.3,0.0
1982-08-20,26.9,8.5,0.0
1982-08-21,24.1,9.0,27.0
1982-08-22,24.6,9.8,0.0
1982-08-23,23.5,10.0,9.4
1982-08-24,22.8,10.0,11.6
1982-08-25,24.2,10.0,3.4
1982-08-26,25.4,9.8,0.0
1982-08-27,25.2,9.3,0.0
1982-08-28,24.0,7.5,0.1
1982-08-29,24.1,5.5,0.0
1982-08-30,23.4,4.0,0.0
1982-08-31,23.7,3.3,0.0
1983-07-01,24.8,10.0,0.0
1983-07-02,24.2,10.0,5.3
1983-07-03,24.0,5.0,0.8
1983-07-04,24.9,9.8,3.5
1983-07-05,24.1,7.5,0.0
1983-07-06,22.4,9.3,0.0
1983-07-07,21.6,10.0,0.0
1983-07-08,21.4,10.0,5.4
1983-07-09,22.9,7.8,0.0
1983-07-10,23.6,7.8,0.0
1983-07-11,23.3,5.8,0.0
1983-07-12,24.0,9.5,0.0
1983-07-13,24.2,6.0,0.0
1983-07-14,22.8,8.5,53.5
1983-07-15,24.8,9.8,2.0
1983-07-16,23.2,10.0,2.2
1983-07-17,22.0,7.0,0.0
1983-07-18,23.1,6.5,0.0
1983-07-19,21.4,10.0,10.4
1983-07-20,22.9,10.0,55.7
1983-07-21,21.7,9.8,10.9
1983-07-22,23.8,10.0,85.8
1983-07-23,23.1,10.0,58.1
1983-07-24,26.2,10.0,2.0
1983-07-25,27.9,6.3,0.0
1983-07-26,28.6,4.0,0.0
1983-07-27,28.2,7.5,0.0
1983-07-28,28.0,7.8,0.0
1983-07-29,28.5,8.3,0.0
1983-07-30,28.3,5.8,0.0
1983-07-31,28.7,8.8,0.0
1983-08-01,29.4,5.0,0.0
1983-08-02,30.0,1.3,0.0
1983-08-03,30.4,0.8,0.0
1983-08-04,29.7,4.5,0.0
1983-08-05,29.8,1.0,0.0
1983-08-06,28.5,3.3,0.0
1983-08-07,28.1,4.0,0.0
1983-08-08,26.0,4.3,19.2
1983-08-09,26.0,10.0,0.2
1983-08-10,26.3,9.5,1.3
1983-08-11,26.9,10.0,0.8
1983-08-12,26.9,8.8,8.9
1983-08-13,26.6,2.0,0.0
1983-08-14,27.7,10.0,0.0
1983-08-15,28.7,8.3,0.0
1983-08-16,28.6,4.8,2.3
1983-08-17,27.7,4.8,0.0
1983-08-18,26.9,8.3,0.0
1983-08-19,26.7,8.0,0.0
1983-08-20,24.1,10.0,0.9
1983-08-21,24.6,7.8,0.0
1983-08-22,24.6,10.0,0.0
1983-08-23,23.1,10.0,11.4
1983-08-24,22.9,10.0,3.4
1983-08-25,23.9,8.5,9.3
1983-08-26,26.8,8.5,0.1
1983-08-27,26.8,8.0,7.8
1983-08-28,25.8,10.0,5.9
1983-08-29,26.1,7.5,0.0
1983-08-30,26.8,9.3,3.8
1983-08-31,24.3,7.0,0.0
1984-07-01,24.1,8.5,7.8
1984-07-02,26.5,10.0,0.2
1984-07-03,27.9,8.5,0.0
1984-07-04,24.4,10.0,18.1
1984-07-05,22.1,9.8,104.3
1984-07-06,23.8,10.0,20.3
1984-07-07,24.0,10.0,20.8
1984-07-08,25.6,9.8,0.1
1984-07-09,26.1,10.0,0.0
1984-07-10,25.0,10.0,22.4
1984-07-11,24.0,10.0,0.6
1984-07-12,22.3,10.0,64.3
1984-07-13,26.2,5.8,17.8
1984-07-14,26.3,5.3,0.0
1984-07-15,27.6,8.5,0.0
1984-07-16,25.7,2.5,0.0
1984-07-17,24.3,3.5,0.0
1984-07-18,25.3,3.8,0.0
1984-07-19,25.3,5.8,0.0
1984-07-20,25.6,4.3,0.0
1984-07-21,25.6,5.0,0.0
1984-07-22,25.3,9.8,1.6
1984-07-23,24.7,10.0,1.0
1984-07-24,23.3,10.0,2.4
1984-07-25,26.2,7.0,0.0
1984-07-26,27.4,7.5,0.0
1984-07-27,28.4,4.8,0.0
1984-07-28,28.1,5.0,34.6
1984-07-29,25.4,6.0,9.4
1984-07-30,29.0,4.0,0.0
1984-07-31,29.1,7.0,0.0
1984-08-01,27.5,5.8,0.0
1984-08-02,26.4,8.8,4.8
1984-08-03,28.3,4.5,0.0
1984-08-04,28.3,4.8,0.0
1984-08-05,28.5,6.3,0.0
1984-08-06,28.0,3.5,0.0
1984-08-07,27.4,4.5,0.8
1984-08-08,28.3,7.0,0.0
1984-08-09,29.8,4.8,0.0
1984-08-10,29.6,1.8,0.0
1984-08-11,28.8,1.0,0.0
1984-08-12,29.0,2.0,0.0
1984-08-13,28.9,5.5,0.0
1984-08-14,26.1,9.5,6.2
1984-08-15,25.4,9.3,19.0
1984-08-16,26.0,5.5,0.0
1984-08-17,27.8,4.5,0.0
1984-08-18,28.4,2.5,0.0
1984-08-19,29.6,7.5,0.0
1984-08-20,28.7,10.0,1.6
1984-08-21,24.8,10.0,37.5
1984-08-22,25.9,6.5,0.0
1984-08-23,24.6,9.8,5.7
1984-08-24,25.9,9.5,8.8
1984-08-25,26.3,6.0,0.0
1984-08-26,24.6,10.0,21.1
1984-08-27,26.7,8.0,0.9
1984-08-28,27.2,8.8,1.3
1984-08-29,27.5,8.3,0.0
1984-08-30,26.9,8.0,1.2
1984-08-31,24.8,8.8,38.9
1985-07-01,23.3,7.0,0.0
1985-07-02,25.3,9.5,0.0
1985-07-03,22.3,10.0,41.3
1985-07-04,23.5,10.0,1.4
1985-07-05,24.2,9.8,3.7
1985-07-06,22.7,10.0,25.9
1985-07-07,23.9,10.0,5.5
1985-07-08,25.3,9.3,11.0
1985-07-09,25.6,8.3,6.8
1985-07-10,25.2,10.0,8.8
1985-07-11,24.7,10.0,32.0
1985-07-12,25.5,10.0,7.6
1985-07-13,23.9,8.0,29.7
1985-07-14,24.7,2.8,0.0
1985-07-15,25.1,3.0,0.0
1985-07-16,25.7,7.5,4.0
1985-07-17,24.9,10.0,19.5
1985-07-18,25.6,3.3,0.0
1985-07-19,25.5,1.5,0.0
1985-07-20,26.7,2.8,0.0
1985-07-21,27.5,7.0,15.8
1985-07-22,26.9,4.0,0.0
1985-07-23,26.9,4.5,0.0
1985-07-24,27.1,7.8,1.2
1985-07-25,27.7,5.8,0.0
1985-07-26,27.3,6.8,0.0
1985-07-27,28.2,3.0,0.0
1985-07-28,27.7,4.8,0.0
1985-07-29,28.6,2.5,0.0
1985-07-30,28.5,5.3,0.2
1985-07-31,28.4,2.0,0.0
1985-08-01,28.8,5.8,0.0
1985-08-02,26.4,9.3,26.4
1985-08-03,26.5,7.3,56.3
1985-08-04,27.8,4.0,0.0
1985-08-05,28.3,5.0,0.0
1985-08-06,27.6,0.8,0.0
1985-08-07,28.0,2.3,0.0
1985-08-08,29.4,3.0,0.0
1985-08-09,28.6,7.3,0.0
1985-08-10,24.7,9.8,111.2
1985-08-11,26.4,5.8,0.0
1985-08-12,26.4,8.0,0.0
1985-08-13,28.2,9.0,6.3
1985-08-14,25.9,9.5,47.2
1985-08-15,25.6,9.3,43.4
1985-08-16,25.8,8.8,25.0
1985-08-17,26.3,9.0,10.4
1985-08-18,27.4,5.0,0.0
1985-08-19,28.2,1.5,0.0
1985-08-20,28.1,3.3,0.0
1985-08-21,27.2,5.8,0.7
1985-08-22,27.9,1.8,0.0
1985-08-23,27.7,4.5,0.0
1985-08-24,27.5,3.3,0.0
1985-08-25,27.1,4.0,0.0
1985-08-26,26.6,5.5,0.0
1985-08-27,25.7,4.3,0.0
1985-08-28,26.0,6.3,0.0
1985-08-29,26.5,6.0,0.0
1985-08-30,28.0,6.8,0.2
1985-08-31,27.3,8.8,0.0
1986-07-01,20.7,7.0,1.2
1986-07-02,19.1,10.0,1.7
1986-07-03,19.5,9.8,0.0
1986-07-04,19.2,9.5,1.5
1986-07-05,19.3,10.0,7.9
1986-07-06,23.0,9.3,0.0
1986-07-07,22.9,8.3,0.0
1986-07-08,22.7,5.3,1.7
1986-07-09,22.4,10.0,1.0
1986-07-10,22.7,10.0,3.7
1986-07-11,21.9,10.0,13.8
1986-07-12,22.8,9.5,0.6
1986-07-13,24.6,6.5,0.0
1986-07-14,23.1,9.3,15.5
1986-07-15,22.7,9.0,40.0
1986-07-16,24.4,9.8,6.9
1986-07-17,25.2,8.0,29.0
1986-07-18,24.7,6.0,0.0
1986-07-19,27.1,9.3,0.2
1986-07-20,25.8,8.3,0.0
1986-07-21,25.0,9.8,23.2
1986-07-22,24.0,9.0,0.5
1986-07-23,23.8,9.0,0.0
1986-07-24,25.2,8.8,0.0
1986-07-25,25.8,8.5,0.0
1986-07-26,27.4,4.3,0.0
1986-07-27,27.1,5.0,0.0
1986-07-28,27.9,6.0,0.0
1986-07-29,27.5,1.5,0.0
1986-07-30,28.4,3.8,0.0
1986-07-31,28.0,3.8,0.0
1986-08-01,28.9,2.8,0.0
1986-08-02,27.2,3.3,26.6
1986-08-03,24.7,4.3,0.5
1986-08-04,24.3,1.5,0.0
1986-08-05,24.1,1.0,0.0
1986-08-06,25.9,5.8,0.0
1986-08-07,25.7,6.5,0.0
1986-08-08,25.6,4.8,7.8
1986-08-09,26.3,6.8,0.0
1986-08-10,26.2,6.8,4.4
1986-08-11,25.1,6.0,7.4
1986-08-12,23.9,8.5,45.7
1986-08-13,25.8,9.5,6.9
1986-08-14,25.6,9.0,2.6
1986-08-15,27.1,6.0,0.0
1986-08-16,27.6,5.0,0.0
1986-08-17,27.6,5.8,0.0
1986-08-18,27.8,7.0,0.0
1986-08-19,27.6,5.3,0.0
1986-08-20,26.4,8.8,20.3
1986-08-21,24.3,5.5,0.0
1986-08-22,22.6,1.5,0.0
1986-08-23,24.2,2.8,0.0
1986-08-24,25.0,2.8,0.0
1986-08-25,26.2,7.3,0.0
1986-08-26,27.7,8.3,0.0
1986-08-27,28.7,8.8,1.0
1986-08-28,23.9,10.0,88.2
1986-08-29,22.4,7.8,2.8
1986-08-30,23.4,4.5,0.0
1986-08-31,23.9,9.3,0.0
1987-07-01,24.1,9.0,0.0
1987-07-02,22.9,10.0,2.4
1987-07-03,24.7,9.5,1.4
1987-07-04,22.7,7.5,2.6
1987-07-05,24.0,7.0,0.2
1987-07-06,24.0,9.3,5.8
1987-07-07,24.0,5.5,0.0
1987-07-08,25.2,8.5,0.0
1987-07-09,25.4,9.0,0.0
1987-07-10,26.1,9.3,0.0
1987-07-11,24.6,10.0,63.8
1987-07-12,23.1,10.0,32.0
1987-07-13,20.9,10.0,46.0
1987-07-14,23.5,10.0,14.2
1987-07-15,22.7,10.0,166.7
1987-07-16,23.1,8.5,2.4
1987-07-17,23.8,9.8,0.0
1987-07-18,24.0,9.5,0.2
1987-07-19,24.9,8.5,0.0
1987-07-20,26.1,9.3,0.0
1987-07-21,26.4,10.0,0.6
1987-07-22,26.3,10.0,50.6
1987-07-23,23.6,10.0,37.1
1987-07-24,21.8,9.5,6.2
1987-07-25,22.0,9.5,53.8
1987-07-26,25.9,10.0,6.8
1987-07-27,26.4,6.5,7.6
1987-07-28,27.0,5.3,0.0
1987-07-29,26.8,9.5,0.1
1987-07-30,26.9,8.0,0.0
1987-07-31,26.1,8.5,1.2
1987-08-01,26.5,8.3,0.0
1987-08-02,24.9,10.0,21.4
1987-08-03,25.4,10.0,4.7
1987-08-04,27.1,10.0,22.8
1987-08-05,26.7,8.0,0.4
1987-08-06,25.7,7.3,0.0
1987-08-07,24.4,10.0,26.5
1987-08-08,23.8,6.5,1.0
1987-08-09,25.8,7.8,0.0
1987-08-10,25.2,5.5,0.0
1987-08-11,24.5,8.5,0.0
1987-08-12,24.4,6.5,0.0
1987-08-13,25.3,4.3,0.0
1987-08-14,26.0,5.5,0.0
1987-08-15,27.2,7.0,0.6
1987-08-16,24.8,8.5,76.0
1987-08-17,24.2,9.3,16.0
1987-08-18,24.7,3.8,0.0
1987-08-19,25.6,4.8,0.0
1987-08-20,26.5,9.3,4.4
1987-08-21,25.7,10.0,54.4
1987-08-22,25.3,8.8,15.0
1987-08-23,25.3,7.5,0.0
1987-08-24,23.6,9.8,16.6
1987-08-25,25.5,9.0,7.8
1987-08-26,26.3,4.8,0.0
1987-08-27,26.8,7.5,0.0
1987-08-28,26.0,8.0,35.1
1987-08-29,28.3,3.8,0.2
1987-08-30,24.8,8.5,28.8
1987-08-31,22.5,6.3,37.2
1988-07-01,25.0,2.5,0.0
1988-07-02,26.5,9.8,0.0
1988-07-03,25.4,8.5,0.0
1988-07-04,24.3,7.0,0.0
1988-07-05,25.2,8.5,0.0
1988-07-06,27.3,3.5,0.0
1988-07-07,28.5,2.3,0.0
1988-07-08,27.0,4.8,0.0
1988-07-09,27.5,8.3,0.0
1988-07-10,27.4,8.0,0.0
1988-07-11,28.5,8.8,0.0
1988-07-12,29.2,6.5,0.0
1988-07-13,27.6,8.5,2.1
1988-07-14,25.0,9.5,124.0
1988-07-15,26.8,8.8,28.7
1988-07-16,26.0,7.8,1.0
1988-07-17,26.1,8.5,49.4
1988-07-18,25.2,10.0,0.0
1988-07-19,27.0,8.0,0.2
1988-07-20,28.8,8.0,0.0
1988-07-21,27.6,8.0,0.0
1988-07-22,25.7,8.5,2.0
1988-07-23,26.3,9.3,0.0
1988-07-24,25.5,7.3,12.4
1988-07-25,22.7,10.0,7.8
1988-07-26,19.9,10.0,46.4
1988-07-27,24.5,8.8,0.0
1988-07-28,25.6,5.3,0.0
1988-07-29,25.6,3.3,0.0
1988-07-30,23.6,5.5,0.0
1988-07-31,25.3,6.5,0.0
1988-08-01,25.9,6.8,0.0
1988-08-02,25.9,6.3,0.0
1988-08-03,27.3,5.0,0.0
1988-08-04,27.8,3.5,0.4
1988-08-05,28.1,3.3,0.0
1988-08-06,27.5,6.0,0.0
1988-08-07,28.5,4.5,0.0
1988-08-08,28.4,4.0,0.0
1988-08-09,28.6,3.3,6.5
1988-08-10,28.6,2.3,0.0
1988-08-11,28.6,1.0,0.0
1988-08-12,27.7,6.8,3.3
1988-08-13,27.9,5.0,0.0
1988-08-14,26.5,5.8,17.7
1988-08-15,27.3,8.5,0.0
1988-08-16,26.6,4.5,1.2
1988-08-17,25.9,9.3,5.4
1988-08-18,24.6,4.3,5.2
1988-08-19,25.4,3.3,0.0
1988-08-20,26.0,5.8,0.8
1988-08-21,26.5,8.5,28.5
1988-08-22,25.8,9.3,0.0
1988-08-23,24.3,7.8,0.0
1988-08-24,23.5,3.3,0.0
1988-08-25,24.8,0.8,0.0
1988-08-26,25.0,9.5,0.0
1988-08-27,23.3,9.5,8.8
1988-08-28,22.4,9.5,1.5
1988-08-29,22.6,5.3,0.1
1988-08-30,21.5,4.8,10.4
1988-08-31,22.4,6.0,0.0
1989-07-01,23.1,9.8,15.8
1989-07-02,22.1,8.5,0.0
1989-07-03,22.1,8.5,0.0
1989-07-04,22.4,8.0,0.0
1989-07-05,22.7,5.5,17.2
1989-07-06,22.8,8.0,0.0
1989-07-07,24.8,5.5,0.0
1989-07-08,22.6,10.0,56.9
1989-07-09,23.0,10.0,0.7
1989-07-10,23.7,10.0,0.0
1989-07-11,23.9,10.0,42.6
1989-07-12,22.7,9.5,17.0
1989-07-13,24.1,3.8,0.0
1989-07-14,25.9,9.3,0.0
1989-07-15,24.1,9.8,35.0
1989-07-16,25.1,9.5,28.0
1989-07-17,27.0,9.0,0.0
1989-07-18,27.8,7.5,0.0
1989-07-19,28.7,5.0,0.0
1989-07-20,28.9,7.3,16.9
1989-07-21,28.9,5.0,0.0
1989-07-22,27.8,3.5,0.0
1989-07-23,27.8,4.5,0.0
1989-07-24,27.7,8.0,1.0
1989-07-25,24.4,10.0,335.6
1989-07-26,24.0,10.0,88.2
1989-07-27,20.7,8.8,35.0
1989-07-28,24.9,9.0,0.3
1989-07-29,25.3,9.0,3.1
1989-07-30,28.0,3.8,0.0
1989-07-31,28.7,1.0,0.0
1989-08-01,28.1,0.5,0.0
1989-08-02,25.1,5.3,0.0
1989-08-03,28.3,8.5,0.0
1989-08-04,29.5,5.3,0.0
1989-08-05,27.3,0.3,0.0
1989-08-06,27.1,3.5,0.0
1989-08-07,25.5,9.5,0.0
1989-08-08,27.1,8.5,0.0
1989-08-09,26.6,6.5,0.0
1989-08-10,24.6,7.8,0.0
1989-08-11,26.3,7.5,0.0
1989-08-12,26.2,8.8,4.8
1989-08-13,27.0,8.0,42.1
1989-08-14,27.1,8.8,81.5
1989-08-15,25.9,5.0,0.0
1989-08-16,25.1,3.8,0.0
1989-08-17,25.8,4.8,0.0
1989-08-18,26.1,8.3,0.0
1989-08-19,26.4,5.0,0.0
1989-08-20,25.3,8.5,73.1
1989-08-21,23.6,10.0,107.2
1989-08-22,23.3,10.0,97.7
1989-08-23,24.4,10.0,0.5
1989-08-24,24.9,8.8,0.7
1989-08-25,24.7,4.8,0.0
1989-08-26,24.8,5.5,28.4
1989-08-27,24.9,3.3,0.0
1989-08-28,24.7,4.8,0.0
1989-08-29,23.2,9.5,16.8
1989-08-30,22.9,8.8,3.1
1989-08-31,24.4,7.0,0.0
1990-07-01,21.1,6.0,8.6
1990-07-02,21.5,10.0,10.1
1990-07-03,21.2,10.0,1.6
1990-07-04,22.7,7.3,0.0
1990-07-05,24.2,6.5,0.0
1990-07-06,27.1,7.3,0.0
1990-07-07,27.9,5.0,0.0
1990-07-08,26.6,8.8,0.0
1990-07-09,26.9,7.5,0.0
1990-07-10,26.8,6.5,1.6
1990-07-11,26.2,9.5,93.3
1990-07-12,24.6,9.5,4.1
1990-07-13,25.4,8.8,0.0
1990-07-14,25.0,10.0,18.1
1990-07-15,26.6,9.5,14.7
1990-07-16,27.5,6.8,7.9
1990-07-17,27.2,7.8,0.0
1990-07-18,27.3,10.0,3.5
1990-07-19,28.0,8.5,10.8
1990-07-20,27.7,7.5,0.0
1990-07-21,28.1,6.5,0.0
1990-07-22,27.3,5.0,0.0
1990-07-23,28.4,6.5,0.0
1990-07-24,28.0,3.5,0.0
1990-07-25,27.4,9.0,0.0
1990-07-26,28.2,6.8,0.0
1990-07-27,29.1,2.5,0.0
1990-07-28,28.8,2.0,12.7
1990-07-29,29.0,4.8,5.7
1990-07-30,28.9,5.3,0.0
1990-07-31,29.6,2.5,0.0
1990-08-01,29.3,0.5,0.0
1990-08-02,29.3,2.5,0.0
1990-08-03,29.2,1.8,0.0
1990-08-04,29.2,1.5,0.0
1990-08-05,28.9,3.3,0.0
1990-08-06,29.3,7.5,0.0
1990-08-07,28.9,1.8,7.0
1990-08-08,28.7,7.0,0.0
1990-08-09,28.0,8.5,0.6
1990-08-10,28.1,4.0,0.0
1990-08-11,28.3,2.3,0.0
1990-08-12,27.6,0.0,0.0
1990-08-13,27.7,2.0,0.0
1990-08-14,26.6,9.3,44.1
1990-08-15,26.2,9.8,61.2
1990-08-16,26.9,8.3,24.6
1990-08-17,26.8,9.8,10.2
1990-08-18,27.9,6.0,0.0
1990-08-19,28.4,4.8,0.0
1990-08-20,28.5,6.3,17.6
1990-08-21,27.0,9.8,103.7
1990-08-22,27.6,9.8,11.3
1990-08-23,25.9,5.8,0.0
1990-08-24,26.2,5.0,0.0
1990-08-25,25.9,2.8,0.0
1990-08-26,25.9,2.0,0.0
1990-08-27,26.8,5.0,0.0
1990-08-28,25.9,1.8,0.0
1990-08-29,25.9,1.0,0.0
1990-08-30,27.7,7.5,0.0
1990-08-31,27.8,8.3,4.6
1991-07-01,23.1,10.0,9.5
1991-07-02,24.2,8.8,0.0
1991-07-03,24.3,8.8,0.0
1991-07-04,22.2,10.0,44.1
1991-07-05,24.4,8.5,0.5
1991-07-06,25.9,9.0,0.0
1991-07-07,22.8,9.3,28.5
1991-07-08,20.8,8.5,19.3
1991-07-09,21.4,10.0,38.2
1991-07-10,22.5,7.5,104.2
1991-07-11,21.4,9.3,67.8
1991-07-12,23.2,10.0,0.5
1991-07-13,23.4,8.5,0.0
1991-07-14,24.4,6.8,0.0
1991-07-15,23.1,9.5,61.9
1991-07-16,24.7,8.5,0.6
1991-07-17,25.3,8.0,0.6
1991-07-18,27.1,7.5,0.0
1991-07-19,27.8,7.0,0.0
1991-07-20,28.8,7.5,0.0
1991-07-21,28.4,7.3,0.0
1991-07-22,28.2,7.3,0.0
1991-07-23,27.8,6.3,0.0
1991-07-24,27.3,7.5,0.0
1991-07-25,26.7,9.8,5.3
1991-07-26,26.6,6.8,0.0
1991-07-27,26.7,9.0,1.4
1991-07-28,28.7,6.5,3.5
1991-07-29,28.2,9.0,0.3
1991-07-30,27.3,8.5,19.8
1991-07-31,26.3,10.0,55.3
1991-08-01,26.2,9.0,57.8
1991-08-02,25.4,10.0,14.1
1991-08-03,25.6,4.3,0.0
1991-08-04,23.2,7.8,12.0
1991-08-05,22.2,10.0,3.3
1991-08-06,23.4,7.5,0.0
1991-08-07,24.6,6.3,0.0
1991-08-08,23.9,7.3,0.5
1991-08-09,21.6,9.3,40.5
1991-08-10,23.7,9.8,3.3
1991-08-11,24.3,9.5,1.0
1991-08-12,25.3,7.5,0.0
1991-08-13,26.6,6.0,2.1
1991-08-14,27.3,7.8,0.4
1991-08-15,25.8,8.5,0.0
1991-08-16,26.3,3.5,0.0
1991-08-17,25.9,6.0,0.0
1991-08-18,26.2,3.3,0.0
1991-08-19,27.7,4.3,0.0
1991-08-20,29.6,0.5,0.0
1991-08-21,29.8,0.8,0.0
1991-08-22,25.8,8.3,4.9
1991-08-23,24.2,10.0,12.7
1991-08-24,25.7,8.8,1.3
1991-08-25,26.1,6.3,0.3
1991-08-26,26.1,0.5,0.0
1991-08-27,23.8,0.3,0.0
1991-08-28,23.8,2.0,0.0
1991-08-29,25.1,6.3,0.0
1991-08-30,23.9,4.8,0.0
1991-08-31,24.5,5.0,0.2
1992-07-01,22.8,7.5,0.0
1992-07-02,23.6,8.5,0.0
1992-07-03,23.7,9.0,0.0
1992-07-04,24.8,8.0,0.0
1992-07-05,24.3,4.8,0.0
1992-07-06,25.2,6.3,0.0
1992-07-07,25.4,4.0,0.0
1992-07-08,26.2,6.5,0.0
1992-07-09,24.8,6.5,1.2
1992-07-10,26.4,8.0,0.2
1992-07-11,25.5,7.8,0.1
1992-07-12,22.7,9.8,125.1
1992-07-13,25.0,8.8,0.0
1992-07-14,25.0,6.8,0.0
1992-07-15,24.1,8.0,0.0
1992-07-16,21.8,10.0,70.2
1992-07-17,23.8,10.0,25.4
1992-07-18,25.6,7.5,0.0
1992-07-19,26.4,7.3,3.5
1992-07-20,27.5,7.0,0.0
1992-07-21,27.9,6.3,0.0
1992-07-22,27.2,9.0,2.4
1992-07-23,27.9,7.5,0.0
1992-07-24,28.0,5.5,0.0
1992-07-25,27.8,6.3,0.0
1992-07-26,27.8,5.3,0.0
1992-07-27,27.5,5.8,0.0
1992-07-28,28.4,6.3,0.0
1992-07-29,28.2,5.5,0.0
1992-07-30,28.3,8.0,0.0
1992-07-31,27.6,4.0,5.3
1992-08-01,26.9,4.0,0.0
1992-08-02,26.3,5.0,33.1
1992-08-03,26.0,1.0,0.0
1992-08-04,25.0,1.0,0.0
1992-08-05,24.6,9.0,0.0
1992-08-06,26.6,5.8,1.0
1992-08-07,27.4,7.8,0.0
1992-08-08,27.8,4.3,0.0
1992-08-09,26.7,9.0,0.0
1992-08-10,27.1,8.0,0.0
1992-08-11,27.0,8.5,0.0
1992-08-12,25.1,10.0,22.5
1992-08-13,26.2,8.8,0.4
1992-08-14,22.6,10.0,31.5
1992-08-15,23.5,10.0,2.6
1992-08-16,24.9,7.0,6.6
1992-08-17,26.3,7.3,0.3
1992-08-18,26.0,4.8,0.0
1992-08-19,26.6,5.0,0.0
1992-08-20,27.9,4.8,0.0
1992-08-21,26.8,6.3,0.0
1992-08-22,25.9,5.5,0.0
1992-08-23,26.1,8.5,0.0
1992-08-24,25.7,9.5,17.1
1992-08-25,24.4,9.3,55.1
1992-08-26,24.3,9.5,17.1
1992-08-27,25.5,9.8,44.7
1992-08-28,27.1,4.0,0.0
1992-08-29,27.7,2.0,0.0
1992-08-30,27.9,4.5,0.0
1992-08-31,27.3,10.0,0.0
1993-07-01,22.0,7.3,3.8
1993-07-02,23.5,6.8,0.0
1993-07-03,23.3,9.8,0.0
1993-07-04,24.7,2.3,0.0
1993-07-05,24.1,7.0,0.0
1993-07-06,24.0,7.3,0.0
1993-07-07,25.1,7.0,0.0
1993-07-08,25.4,8.3,0.2
1993-07-09,24.8,7.8,1.3
1993-07-10,25.3,7.0,6.5
1993-07-11,23.8,9.5,30.2
1993-07-12,24.2,9.8,143.0
1993-07-13,25.1,10.0,46.7
1993-07-14,24.4,5.0,8.4
1993-07-15,23.9,9.0,0.0
1993-07-16,23.2,9.3,3.0
1993-07-17,23.3,10.0,17.5
1993-07-18,23.9,8.8,0.0
1993-07-19,22.7,7.3,0.2
1993-07-20,22.0,2.8,0.0
1993-07-21,21.6,3.5,0.0
1993-07-22,22.5,5.5,0.0
1993-07-23,23.7,4.5,0.0
1993-07-24,23.4,9.8,3.2
1993-07-25,24.6,9.3,0.0
1993-07-26,22.3,9.5,14.6
1993-07-27,22.6,9.8,12.2
1993-07-28,24.5,9.5,9.3
1993-07-29,25.2,10.0,0.0
1993-07-30,25.1,6.3,0.0
1993-07-31,26.2,8.3,0.0
1993-08-01,23.7,10.0,64.5
1993-08-02,24.9,8.8,4.1
1993-08-03,23.9,9.0,0.8
1993-08-04,22.8,8.3,0.0
1993-08-05,22.8,7.8,0.0
1993-08-06,23.2,4.0,0.0
1993-08-07,22.4,8.0,9.4
1993-08-08,24.7,9.5,13.7
1993-08-09,27.0,9.8,0.2
1993-08-10,24.9,7.5,14.6
1993-08-11,25.4,3.0,0.3
1993-08-12,23.9,10.0,9.4
1993-08-13,24.0,8.3,91.8
1993-08-14,24.9,8.0,1.6
1993-08-15,23.7,10.0,1.0
1993-08-16,20.2,10.0,31.5
1993-08-17,22.8,8.3,3.2
1993-08-18,20.5,8.3,2.8
1993-08-19,22.1,9.3,1.3
1993-08-20,21.7,7.0,56.9
1993-08-21,23.0,10.0,46.9
1993-08-22,23.4,3.3,0.4
1993-08-23,23.7,0.5,0.0
1993-08-24,25.1,5.8,0.9
1993-08-25,25.3,10.0,9.6
1993-08-26,23.5,8.0,58.4
1993-08-27,23.3,0.5,0.0
1993-08-28,22.1,3.3,0.0
1993-08-29,21.0,6.0,0.0
1993-08-30,22.3,4.3,0.0
1993-08-31,22.8,6.8,0.0
1994-07-01,27.3,8.3,0.0
1994-07-02,26.2,9.5,0.1
1994-07-03,28.1,4.8,0.0
1994-07-04,28.1,4.3,0.0
1994-07-05,28.0,7.3,0.0
1994-07-06,28.5,5.5,0.0
1994-07-07,28.0,4.0,0.0
1994-07-08,28.7,7.0,0.0
1994-07-09,29.5,4.3,0.0
1994-07-10,28.6,3.3,0.0
1994-07-11,28.7,0.8,0.0
1994-07-12,30.2,2.3,0.0
1994-07-13,31.0,0.8,0.0
1994-07-14,30.1,6.5,0.0
1994-07-15,30.2,4.5,0.0
1994-07-16,30.3,6.3,0.0
1994-07-17,30.3,1.8,7.2
1994-07-18,30.7,1.8,0.0
1994-07-19,30.5,1.0,0.0
1994-07-20,30.0,2.5,0.0
1994-07-21,31.1,0.0,0.0
1994-07-22,30.0,4.5,42.7
1994-07-23,29.7,2.3,7.5
1994-07-24,31.1,0.5,0.0
1994-07-25,30.8,1.0,0.0
1994-07-26,29.9,3.0,0.0
1994-07-27,28.4,9.0,1.8
1994-07-28,28.6,8.0,0.0
1994-07-29,28.8,8.3,0.8
1994-07-30,28.2,4.3,18.6
1994-07-31,28.2,7.3,0.1
1994-08-01,27.0,8.5,54.6
1994-08-02,29.6,4.8,0.3
1994-08-03,29.1,4.8,16.1
1994-08-04,29.7,2.3,0.0
1994-08-05,30.2,5.3,0.1
1994-08-06,30.0,1.3,0.0
1994-08-07,30.0,3.3,0.0
1994-08-08,30.2,1.8,0.0
1994-08-09,29.6,5.0,0.0
1994-08-10,27.2,10.0,61.1
1994-08-11,28.5,9.5,7.5
1994-08-12,29.0,6.0,20.2
1994-08-13,31.0,1.3,0.0
1994-08-14,29.4,7.8,3.8
1994-08-15,28.8,8.3,6.9
1994-08-16,26.6,8.3,46.8
1994-08-17,28.0,7.0,0.4
1994-08-18,27.0,9.5,0.0
1994-08-19,26.8,6.5,3.3
1994-08-20,26.8,2.0,0.0
1994-08-21,26.3,1.3,0.0
1994-08-22,26.0,1.0,0.0
1994-08-23,26.1,4.5,0.0
1994-08-24,26.8,3.3,0.0
1994-08-25,26.8,7.5,0.8
1994-08-26,26.5,5.5,1.6
1994-08-27,25.8,4.0,0.0
1994-08-28,27.6,7.5,1.1
1994-08-29,28.9,5.8,0.0
1994-08-30,27.7,1.8,0.0
1994-08-31,27.8,0.8,0.0
1995-07-01,23.9,8.5,0.0
1995-07-02,21.7,10.0,12.3
1995-07-03,22.0,9.8,0.3
1995-07-04,21.7,8.8,0.0
1995-07-05,22.5,9.3,0.4
1995-07-06,22.6,9.5,0.0
1995-07-07,21.7,10.0,11.9
1995-07-08,24.9,9.5,7.8
1995-07-09,25.6,8.5,0.0
1995-07-10,25.8,9.5,0.7
1995-07-11,26.8,8.3,0.8
1995-07-12,27.4,7.3,2.8
1995-07-13,26.3,8.3,0.0
1995-07-14,26.8,8.3,0.0
1995-07-15,26.7,9.0,0.0
1995-07-16,25.5,7.5,1.4
1995-07-17,24.8,3.0,0.0
1995-07-18,24.4,6.3,0.0
1995-07-19,23.0,9.0,4.9
1995-07-20,25.0,6.8,1.0
1995-07-21,25.0,8.5,30.2
1995-07-22,26.8,6.5,0.0
1995-07-23,25.0,8.5,11.2
1995-07-24,26.9,8.0,24.3
1995-07-25,27.9,4.5,0.0
1995-07-26,27.6,2.0,0.0
1995-07-27,28.5,1.5,0.0
1995-07-28,26.5,2.5,0.0
1995-07-29,27.0,1.8,0.0
1995-07-30,28.0,3.3,0.0
1995-07-31,28.6,3.0,0.0
1995-08-01,28.7,4.0,2.0
1995-08-02,29.1,3.0,0.0
1995-08-03,28.7,3.0,0.0
1995-08-04,28.8,2.0,0.0
1995-08-05,28.9,3.0,0.0
1995-08-06,28.7,2.5,0.0
1995-08-07,28.9,3.5,0.0
1995-08-08,28.5,6.5,0.0
1995-08-09,25.6,9.0,19.7
1995-08-10,26.7,8.0,0.0
1995-08-11,27.0,5.3,0.0
1995-08-12,28.6,7.5,0.0
1995-08-13,29.5,7.0,0.0
1995-08-14,29.0,4.5,0.0
1995-08-15,27.6,5.3,0.0
1995-08-16,28.4,6.8,0.0
1995-08-17,27.1,2.5,7.0
1995-08-18,28.5,5.0,0.0
1995-08-19,27.2,8.5,16.8
1995-08-20,26.3,8.0,26.1
1995-08-21,25.8,4.3,0.3
1995-08-22,26.0,3.8,0.0
1995-08-23,28.1,7.8,1.7
1995-08-24,26.6,8.3,23.8
1995-08-25,27.3,7.3,14.1
1995-08-26,25.3,8.8,28.1
1995-08-27,25.7,5.5,3.0
1995-08-28,24.8,4.5,0.0
1995-08-29,25.5,6.3,0.0
1995-08-30,26.6,9.3,2.5
1995-08-31,26.8,8.0,6.3
1996-07-01,24.3,6.0,0.0
1996-07-02,24.8,7.5,0.0
1996-07-03,25.7,8.0,0.0
1996-07-04,21.6,10.0,64.3
1996-07-05,22.5,9.3,1.4
1996-07-06,22.3,6.8,0.0
1996-07-07,22.7,3.5,0.0
1996-07-08,22.7,3.8,0.0
1996-07-09,22.6,3.5,0.0
1996-07-10,21.2,9.3,0.0
1996-07-11,20.1,9.5,10.4
1996-07-12,19.6,10.0,32.7
1996-07-13,22.8,9.0,51.1
1996-07-14,24.6,7.8,0.0
1996-07-15,26.2,8.8,5.0
1996-07-16,25.2,9.3,3.7
1996-07-17,27.4,3.0,0.7
1996-07-18,28.9,3.0,0.0
1996-07-19,27.9,2.8,0.0
1996-07-20,28.1,6.5,0.0
1996-07-21,26.6,9.0,14.9
1996-07-22,26.7,7.5,0.6
1996-07-23,27.4,6.3,0.0
1996-07-24,28.5,4.0,0.0
1996-07-25,28.4,2.5,0.0
1996-07-26,28.8,4.8,0.0
1996-07-27,28.8,6.3,0.0
1996-07-28,28.2,8.0,0.0
1996-07-29,29.3,4.3,0.0
1996-07-30,29.1,2.3,1.5
1996-07-31,30.1,2.3,0.0
1996-08-01,30.5,1.5,0.0
1996-08-02,29.6,4.0,14.6
1996-08-03,29.7,2.8,0.0
1996-08-04,29.4,2.0,0.0
1996-08-05,28.5,3.0,2.4
1996-08-06,27.7,8.3,0.0
1996-08-07,28.5,1.3,0.0
1996-08-08,28.2,1.8,0.0
1996-08-09,28.8,3.8,21.3
1996-08-10,28.7,3.0,0.0
1996-08-11,29.4,4.5,0.0
1996-08-12,28.8,3.5,70.6
1996-08-13,29.1,1.3,0.3
1996-08-14,27.8,5.0,0.0
1996-08-15,26.7,1.5,0.0
1996-08-16,26.1,1.3,0.0
1996-08-17,26.3,3.3,0.0
1996-08-18,27.6,4.5,0.0
1996-08-19,26.5,4.3,24.6
1996-08-20,25.6,7.3,4.4
1996-08-21,26.2,10.0,19.2
1996-08-22,26.6,7.5,0.0
1996-08-23,24.6,4.3,0.0
1996-08-24,23.1,9.3,0.8
1996-08-25,23.2,7.0,0.0
1996-08-26,22.0,9.0,10.8
1996-08-27,23.0,10.0,19.2
1996-08-28,23.4,7.5,61.1
1996-08-29,23.9,5.5,0.0
1996-08-30,21.6,10.0,9.6
1996-08-31,22.5,8.0,2.8
1997-07-01,24.0,10.0,42.7
1997-07-02,24.8,9.8,2.6
1997-07-03,27.1,5.9,0.4
1997-07-04,26.0,8.9,0.8
1997-07-05,24.4,10.0,32.7
1997-07-06,21.9,8.4,44.1
1997-07-07,23.3,4.6,0.0
1997-07-08,22.6,10.0,0.0
1997-07-09,23.9,10.0,0.0
1997-07-10,25.0,7.8,0.0
1997-07-11,21.5,10.0,50.0
1997-07-12,21.9,10.0,4.6
1997-07-13,23.0,9.1,0.3
1997-07-14,25.3,9.0,0.0
1997-07-15,25.2,10.0,25.8
1997-07-16,24.4,10.0,58.8
1997-07-17,25.6,6.6,37.2
1997-07-18,25.5,4.1,0.0
1997-07-19,26.6,0.9,0.0
1997-07-20,27.6,1.9,0.0
1997-07-21,28.9,2.9,0.0
1997-07-22,28.8,5.0,0.0
1997-07-23,29.3,2.8,22.4
1997-07-24,27.4,8.0,12.3
1997-07-25,28.4,1.3,0.0
1997-07-26,28.8,3.5,0.0
1997-07-27,27.8,5.5,0.0
1997-07-28,28.2,8.3,0.0
1997-07-29,28.9,7.1,0.0
1997-07-30,27.1,9.9,14.4
1997-07-31,27.3,9.5,9.2
1997-08-01,27.9,5.8,0.0
1997-08-02,27.1,3.5,7.9
1997-08-03,27.2,7.0,27.9
1997-08-04,23.2,9.9,216.5
1997-08-05,26.9,6.1,1.0
1997-08-06,28.2,2.0,0.0
1997-08-07,27.3,7.3,36.4
1997-08-08,29.0,5.5,0.6
1997-08-09,27.4,9.0,0.5
1997-08-10,25.5,9.8,73.5
1997-08-11,24.7,9.5,2.4
1997-08-12,25.7,5.6,0.0
1997-08-13,24.8,6.5,0.4
1997-08-14,24.4,9.4,0.1
1997-08-15,25.3,5.8,0.0
1997-08-16,25.4,2.3,0.0
1997-08-17,27.0,3.4,0.0
1997-08-18,28.9,4.9,0.0
1997-08-19,28.5,7.1,0.1
1997-08-20,28.3,5.8,0.0
1997-08-21,26.6,8.5,8.3
1997-08-22,24.9,1.0,0.0
1997-08-23,25.3,0.6,0.0
1997-08-24,26.9,0.4,0.0
1997-08-25,26.4,2.5,0.0
1997-08-26,26.2,2.6,0.0
1997-08-27,26.3,1.4,0.0
1997-08-28,26.1,1.3,0.0
1997-08-29,24.2,6.9,6.3
1997-08-30,26.9,2.9,0.0
1997-08-31,27.9,2.4,0.0
1998-07-01,22.8,8.5,11.2
1998-07-02,25.0,9.3,0.0
1998-07-03,24.0,9.5,20.4
1998-07-04,25.9,7.3,0.3
1998-07-05,26.2,6.9,0.0
1998-07-06,27.9,4.3,0.0
1998-07-07,27.8,5.4,0.0
1998-07-08,27.5,8.5,0.0
1998-07-09,27.9,6.3,0.0
1998-07-10,28.2,6.9,0.0
1998-07-11,27.0,9.4,0.0
1998-07-12,24.6,10.0,5.2
1998-07-13,23.1,8.5,68.8
1998-07-14,24.8,6.5,0.0
1998-07-15,24.9,8.5,14.3
1998-07-16,25.6,9.3,20.7
1998-07-17,25.4,4.1,0.0
1998-07-18,24.4,8.3,1.4
1998-07-19,24.6,5.1,1.2
1998-07-20,25.3,7.3,0.0
1998-07-21,24.1,4.8,1.9
1998-07-22,25.6,4.6,28.7
1998-07-23,26.5,4.1,0.0
1998-07-24,26.0,4.0,0.0
1998-07-25,24.4,9.0,3.7
1998-07-26,26.8,5.9,0.0
1998-07-27,26.7,4.0,0.0
1998-07-28,27.0,4.1,0.0
1998-07-29,27.0,7.4,0.0
1998-07-30,27.0,6.9,0.0
1998-07-31,26.1,9.5,33.1
1998-08-01,27.6,7.8,10.8
1998-08-02,26.4,9.4,107.1
1998-08-03,27.1,8.1,60.6
1998-08-04,28.9,3.5,0.0
1998-08-05,28.7,5.4,1.2
1998-08-06,28.8,6.5,0.0
1998-08-07,29.5,5.6,0.4
1998-08-08,29.2,6.9,1.7
1998-08-09,26.9,9.1,12.0
1998-08-10,28.3,7.6,0.3
1998-08-11,28.1,7.9,6.9
1998-08-12,28.6,9.1,6.2
1998-08-13,25.3,8.8,123.6
1998-08-14,25.9,9.9,32.2
1998-08-15,28.0,8.5,39.7
1998-08-16,26.2,10.0,7.5
1998-08-17,25.1,8.6,0.5
1998-08-18,25.4,7.1,83.0
1998-08-19,25.1,4.4,0.0
1998-08-20,25.7,5.3,0.0
1998-08-21,25.6,3.5,0.0
1998-08-22,26.6,6.1,0.0
1998-08-23,25.1,9.1,32.2
1998-08-24,24.9,5.4,0.0
1998-08-25,24.0,5.3,0.0
1998-08-26,23.9,5.5,0.0
1998-08-27,24.1,4.4,0.0
1998-08-28,23.7,4.3,3.0
1998-08-29,23.6,3.5,2.3
1998-08-30,23.5,7.1,0.0
1998-08-31,23.7,6.9,0.0
1999-07-01,20.9,10.0,35.9
1999-07-02,20.6,9.3,39.9
1999-07-03,24.3,5.4,0.0
1999-07-04,24.4,8.4,0.0
1999-07-05,22.8,8.5,1.2
1999-07-06,23.6,8.6,0.0
1999-07-07,24.3,6.0,0.0
1999-07-08,25.2,6.4,0.0
1999-07-09,22.5,9.6,41.6
1999-07-10,24.6,9.3,0.0
1999-07-11,23.5,6.0,0.0
1999-07-12,23.6,3.1,0.0
1999-07-13,24.8,6.3,0.0
1999-07-14,24.5,3.3,0.0
1999-07-15,23.9,5.5,0.0
1999-07-16,25.5,5.0,0.0
1999-07-17,24.6,6.8,0.0
1999-07-18,25.7,6.1,0.0
1999-07-19,26.4,4.0,3.6
1999-07-20,25.8,6.4,0.3
1999-07-21,28.3,6.6,0.1
1999-07-22,28.5,6.8,0.0
1999-07-23,26.2,7.9,11.9
1999-07-24,26.4,8.1,0.0
1999-07-25,28.5,4.0,0.0
1999-07-26,27.4,7.0,0.2
1999-07-27,25.0,10.0,38.6
1999-07-28,24.5,9.0,16.3
1999-07-29,26.7,5.5,0.8
1999-07-30,25.4,10.0,28.4
1999-07-31,26.4,6.9,1.9
1999-08-01,27.8,6.3,0.0
1999-08-02,27.2,7.5,1.9
1999-08-03,24.1,8.4,45.1
1999-08-04,22.9,7.3,0.5
1999-08-05,26.9,4.5,0.0
1999-08-06,27.4,5.1,0.0
1999-08-07,27.7,7.4,6.2
1999-08-08,27.1,8.4,1.4
1999-08-09,28.3,5.5,0.9
1999-08-10,29.0,1.6,0.0
1999-08-11,28.4,2.5,0.0
1999-08-12,28.0,4.1,0.0
1999-08-13,27.5,5.1,0.0
1999-08-14,27.5,3.9,0.0
1999-08-15,27.4,4.5,0.0
1999-08-16,27.6,5.5,0.0
1999-08-17,27.9,4.8,0.0
1999-08-18,27.2,3.5,16.6
1999-08-19,27.6,6.1,0.2
1999-08-20,26.1,8.6,1.0
1999-08-21,23.7,10.0,33.2
1999-08-22,20.9,10.0,37.8
1999-08-23,24.0,7.8,0.1
1999-08-24,25.3,6.6,0.7
1999-08-25,22.4,9.4,24.8
1999-08-26,20.2,10.0,16.2
1999-08-27,22.1,8.6,4.5
1999-08-28,24.2,4.6,0.0
1999-08-29,24.7,7.1,0.1
1999-08-30,22.9,10.0,34.8
1999-08-31,23.3,6.1,61.1
2000-07-01,25.2,9.0,0.0
2000-07-02,27.5,6.8,0.0
2000-07-03,27.2,8.3,0.6
2000-07-04,26.8,5.1,1.3
2000-07-05,27.4,3.0,0.0
2000-07-06,26.7,4.3,0.0
2000-07-07,26.3,4.9,0.9
2000-07-08,24.8,8.0,0.1
2000-07-09,25.9,6.0,0.0
2000-07-10,23.6,8.0,71.6
2000-07-11,24.4,7.6,9.4
2000-07-12,25.5,4.9,0.0
2000-07-13,26.0,6.0,0.0
2000-07-14,23.6,9.3,77.5
2000-07-15,23.7,9.9,66.0
2000-07-16,26.8,6.3,0.6
2000-07-17,27.6,4.1,0.0
2000-07-18,27.4,6.1,7.9
2000-07-19,27.8,7.0,1.6
2000-07-20,28.2,5.8,0.0
2000-07-21,28.0,6.6,0.0
2000-07-22,27.5,7.9,0.0
2000-07-23,25.4,10.0,74.8
2000-07-24,26.3,7.4,0.2
2000-07-25,26.7,6.5,0.0
2000-07-26,26.4,3.1,0.0
2000-07-27,27.5,2.0,0.0
2000-07-28,28.6,6.3,0.0
2000-07-29,29.5,5.4,0.0
2000-07-30,27.4,8.4,6.5
2000-07-31,25.5,3.3,2.4
2000-08-01,26.2,1.4,0.0
2000-08-02,26.8,2.5,0.0
2000-08-03,25.9,7.1,0.0
2000-08-04,25.3,9.1,27.2
2000-08-05,26.5,5.1,0.2
2000-08-06,27.4,7.3,16.5
2000-08-07,26.9,6.3,15.7
2000-08-08,26.5,4.0,32.2
2000-08-09,27.2,2.8,0.2
2000-08-10,27.7,2.0,0.0
2000-08-11,27.0,2.9,25.6
2000-08-12,28.5,3.0,0.0
2000-08-13,28.2,4.1,0.0
2000-08-14,27.5,1.1,0.0
2000-08-15,27.4,4.4,0.0
2000-08-16,25.5,9.4,12.7
2000-08-17,27.3,5.0,0.0
2000-08-18,26.6,7.3,39.5
2000-08-19,26.1,8.4,86.4
2000-08-20,23.4,7.5,40.9
2000-08-21,24.5,4.8,0.3
2000-08-22,24.9,4.1,0.0
2000-08-23,26.2,1.4,0.0
2000-08-24,24.5,8.0,45.5
2000-08-25,22.6,10.0,102.6
2000-08-26,24.0,10.0,32.0
2000-08-27,26.2,7.4,21.1
2000-08-28,27.7,2.5,0.0
2000-08-29,27.8,1.6,0.0
2000-08-30,28.3,4.9,0.0
2000-08-31,26.1,9.1,39.7
2001-07-01,25.5,8.4,35.8
2001-07-02,26.5,7.9,0.0
2001-07-03,26.5,3.3,0.0
2001-07-04,26.4,4.3,0.0
2001-07-05,25.3,9.6,25.3
2001-07-06,23.3,8.6,8.8
2001-07-07,25.2,6.6,43.2
2001-07-08,25.1,3.4,0.0
2001-07-09,25.1,1.0,0.0
2001-07-10,23.7,8.3,2.8
2001-07-11,24.3,10.0,17.1
2001-07-12,24.0,10.0,81.1
2001-07-13,24.9,8.8,0.0
2001-07-14,26.0,8.3,5.8
2001-07-15,25.6,8.5,11.7
2001-07-16,23.1,9.9,3.1
2001-07-17,24.1,8.0,15.7
2001-07-18,25.0,4.5,0.0
2001-07-19,23.3,6.4,0.1
2001-07-20,26.5,7.0,0.9
2001-07-21,28.2,5.9,0.0
2001-07-22,28.9,4.0,0.0
2001-07-23,28.6,4.3,0.0
2001-07-24,29.0,4.1,0.0
2001-07-25,28.6,5.9,8.5
2001-07-26,29.0,4.0,0.0
2001-07-27,28.7,4.3,0.0
2001-07-28,28.5,5.3,0.0
2001-07-29,29.5,4.4,0.0
2001-07-30,28.3,5.3,2.3
2001-07-31,29.2,5.8,8.6
2001-08-01,29.9,5.3,0.0
2001-08-02,29.6,1.5,0.8
2001-08-03,29.2,2.6,0.0
2001-08-04,29.1,8.0,0.0
2001-08-05,26.0,7.3,0.2
2001-08-06,27.1,3.9,12.1
2001-08-07,26.3,8.6,22.1
2001-08-08,27.7,7.9,26.1
2001-08-09,25.9,5.6,0.0
2001-08-10,24.3,7.6,0.0
2001-08-11,21.9,9.9,8.8
2001-08-12,22.8,9.3,4.4
2001-08-13,26.1,6.6,0.0
2001-08-14,26.1,7.4,13.1
2001-08-15,25.9,7.1,3.8
2001-08-16,27.7,2.5,0.0
2001-08-17,29.1,3.0,0.0
2001-08-18,28.1,3.6,0.0
2001-08-19,27.6,3.6,0.0
2001-08-20,27.7,1.9,0.0
2001-08-21,27.0,3.1,0.0
2001-08-22,26.4,2.3,0.0
2001-08-23,26.2,2.5,0.0
2001-08-24,25.9,3.4,0.0
2001-08-25,25.8,6.9,0.0
2001-08-26,25.5,2.0,0.0
2001-08-27,24.7,4.3,16.8
2001-08-28,24.6,5.4,0.6
2001-08-29,23.2,8.6,0.4
2001-08-30,23.0,5.5,4.0
2001-08-31,23.5,5.3,0.0
2002-07-01,23.4,9.6,0.0
2002-07-02,23.9,8.3,0.0
2002-07-03,26.2,6.6,15.0
2002-07-04,26.1,8.9,0.4
2002-07-05,23.4,9.8,43.5
2002-07-06,21.1,9.4,4.0
2002-07-07,23.7,5.9,0.0
2002-07-08,21.0,9.8,5.0
2002-07-09,24.0,8.4,10.0
2002-07-10,25.0,5.6,0.0
2002-07-11,23.8,5.6,0.0
2002-07-12,24.9,3.1,0.0
2002-07-13,25.8,6.3,6.5
2002-07-14,25.6,9.6,3.5
2002-07-15,27.2,6.9,3.0
2002-07-16,26.9,4.6,0.0
2002-07-17,24.8,2.6,0.0
2002-07-18,24.1,7.6,0.0
2002-07-19,23.2,9.5,27.5
2002-07-20,24.7,8.3,16.0
2002-07-21,25.1,9.0,7.5
2002-07-22,24.5,9.3,28.5
2002-07-23,26.1,7.0,0.1
2002-07-24,27.8,6.0,0.0
2002-07-25,29.2,2.6,0.0
2002-07-26,26.4,9.5,9.5
2002-07-27,30.2,6.1,0.0
2002-07-28,27.5,7.1,0.0
2002-07-29,26.4,8.0,0.0
2002-07-30,27.8,5.9,0.0
2002-07-31,28.2,5.4,0.0
2002-08-01,27.9,3.8,0.0
2002-08-02,27.1,4.6,0.0
2002-08-03,27.5,5.0,0.0
2002-08-04,27.8,5.3,0.0
2002-08-05,28.3,6.6,0.0
2002-08-06,25.5,9.4,57.5
2002-08-07,23.7,10.0,99.0
2002-08-08,23.9,10.0,21.5
2002-08-09,25.0,9.0,0.0
2002-08-10,22.2,9.6,43.0
2002-08-11,21.8,10.0,4.5
2002-08-12,21.1,10.0,77.5
2002-08-13,22.8,9.9,1.0
2002-08-14,20.7,10.0,53.0
2002-08-15,22.0,10.0,31.5
2002-08-16,23.4,9.0,17.5
2002-08-17,25.5,7.8,0.0
2002-08-18,25.9,7.1,0.5
2002-08-19,24.4,8.9,3.0
2002-08-20,21.8,9.5,4.0
2002-08-21,23.8,5.9,0.0
2002-08-22,22.3,9.1,6.5
2002-08-23,24.4,7.3,4.5
2002-08-24,25.7,5.4,0.0
2002-08-25,25.9,6.4,0.0
2002-08-26,26.1,6.4,0.0
2002-08-27,27.2,6.9,11.5
2002-08-28,27.2,7.5,5.5
2002-08-29,28.4,4.8,0.0
2002-08-30,25.6,9.6,4.0
2002-08-31,22.2,10.0,138.5
2003-07-01,21.1,7.9,26.5
2003-07-02,22.1,8.3,6.0
2003-07-03,20.7,9.6,54.5
2003-07-04,19.7,10.0,18.0
2003-07-05,21.3,9.1,24.5
2003-07-06,21.6,10.0,41.5
2003-07-07,21.9,9.5,8.0
2003-07-08,22.7,10.0,4.5
2003-07-09,24.1,10.0,98.5
2003-07-10,22.5,9.8,14.5
2003-07-11,22.8,9.4,45.0
2003-07-12,21.9,10.0,11.0
2003-07-13,20.2,10.0,70.5
2003-07-14,20.4,9.5,0.5
2003-07-15,22.6,6.6,0.2
2003-07-16,22.8,7.8,0.0
2003-07-17,20.8,9.3,19.5
2003-07-18,21.4,9.8,24.0
2003-07-19,23.6,5.6,12.5
2003-07-20,24.9,6.6,0.5
2003-07-21,25.3,8.3,0.0
2003-07-22,24.8,9.6,12.5
2003-07-23,24.6,6.0,47.0
2003-07-24,25.2,7.6,0.5
2003-07-25,26.5,7.4,4.5
2003-07-26,25.0,9.5,0.0
2003-07-27,23.8,8.5,0.0
2003-07-28,23.7,8.4,0.1
2003-07-29,24.1,8.4,20.0
2003-07-30,25.1,7.8,0.1
2003-07-31,25.6,7.0,0.0
2003-08-01,25.5,5.8,0.0
2003-08-02,26.6,3.8,0.0
2003-08-03,27.7,6.6,0.0
2003-08-04,27.8,6.3,1.0
2003-08-05,26.0,6.0,15.0
2003-08-06,26.9,4.0,0.0
2003-08-07,22.7,5.8,28.0
2003-08-08,23.7,1.0,0.0
2003-08-09,24.5,3.4,0.0
2003-08-10,24.2,7.0,9.5
2003-08-11,22.8,9.4,6.0
2003-08-12,23.7,7.4,0.0
2003-08-13,22.3,7.9,0.0
2003-08-14,23.9,2.6,0.0
2003-08-15,23.6,3.5,0.0
2003-08-16,20.8,9.3,25.0
2003-08-17,21.4,9.9,18.0
2003-08-18,21.2,10.0,51.5
2003-08-19,26.0,6.3,95.0
2003-08-20,26.4,6.4,1.0
2003-08-21,27.3,7.5,0.0
2003-08-22,27.3,6.1,0.0
2003-08-23,26.7,6.9,0.0
2003-08-24,26.7,6.9,2.0
2003-08-25,23.7,8.4,51.0
2003-08-26,24.3,9.3,0.0
2003-08-27,22.8,9.9,94.5
2003-08-28,23.4,6.9,0.5
2003-08-29,22.3,8.4,0.5
2003-08-30,19.8,10.0,12.0
2003-08-31,20.3,9.1,0.5
2004-07-01,25.1,7.0,0.0
2004-07-02,24.3,9.6,3.5
2004-07-03,24.0,10.0,119.5
2004-07-04,23.8,10.0,14.0
2004-07-05,23.1,8.4,1.5
2004-07-06,26.0,7.5,0.0
2004-07-07,24.2,9.9,33.5
2004-07-08,22.6,6.6,0.2
2004-07-09,24.3,6.0,0.0
2004-07-10,24.8,4.8,0.0
2004-07-11,23.0,9.3,4.5
2004-07-12,26.6,7.8,0.2
2004-07-13,26.0,8.9,0.0
2004-07-14,22.2,10.0,124.5
2004-07-15,24.1,9.8,35.5
2004-07-16,26.0,8.3,0.1
2004-07-17,25.8,9.8,6.0
2004-07-18,26.7,6.6,0.0
2004-07-19,27.8,5.5,0.0
2004-07-20,27.1,6.4,0.0
2004-07-21,28.0,4.8,0.0
2004-07-22,28.5,4.0,0.0
2004-07-23,28.7,3.5,0.0
2004-07-24,28.0,2.9,0.0
2004-07-25,27.7,6.3,0.0
2004-07-26,28.1,4.6,0.0
2004-07-27,28.4,5.9,0.0
2004-07-28,27.8,3.6,66.5
2004-07-29,28.2,2.3,0.0
2004-07-30,29.1,2.8,0.0
2004-07-31,29.3,2.3,0.0
2004-08-01,29.1,1.0,0.0
2004-08-02,28.5,3.3,0.0
2004-08-03,27.9,4.8,15.0
2004-08-04,27.2,4.8,2.5
2004-08-05,28.2,3.8,0.0
2004-08-06,28.4,3.3,0.0
2004-08-07,28.3,2.8,0.0
2004-08-08,28.3,4.5,0.0
2004-08-09,28.6,5.3,0.0
2004-08-10,26.5,4.8,4.0
2004-08-11,28.1,2.0,0.0
2004-08-12,29.0,2.1,0.0
2004-08-13,27.5,5.8,12.0
2004-08-14,28.3,6.3,0.0
2004-08-15,26.6,7.3,7.5
2004-08-16,26.8,7.9,0.0
2004-08-17,28.5,8.1,0.0
2004-08-18,22.9,9.5,322.5
2004-08-19,23.2,8.6,12.0
2004-08-20,23.5,9.0,41.5
2004-08-21,23.7,8.6,6.5
2004-08-22,20.6,10.0,123.0
2004-08-23,22.7,9.4,19.0
2004-08-24,25.0,7.4,0.0
2004-08-25,25.6,7.5,3.0
2004-08-26,24.1,9.1,2.0
2004-08-27,25.0,4.8,0.0
2004-08-28,25.4,3.0,0.0
2004-08-29,26.8,4.0,0.0
2004-08-30,26.0,6.8,0.0
2004-08-31,24.3,3.5,0.0
2005-07-01,24.7,10.0,78.5
2005-07-02,24.7,10.0,73.5
2005-07-03,25.5,10.0,7.0
2005-07-04,24.1,8.8,2.0
2005-07-05,23.1,9.9,1.5
2005-07-06,24.1,7.5,0.0
2005-07-07,26.4,6.4,0.0
2005-07-08,24.5,8.3,7.5
2005-07-09,22.8,10.0,35.0
2005-07-10,24.7,9.6,2.0
2005-07-11,23.1,9.9,29.0
2005-07-12,24.4,7.1,0.1
2005-07-13,24.9,9.4,3.0
2005-07-14,26.0,6.5,0.0
2005-07-15,26.1,8.0,0.5
2005-07-16,26.2,9.0,6.0
2005-07-17,27.6,6.4,0.0
2005-07-18,28.5,4.0,0.0
2005-07-19,27.6,2.1,0.0
2005-07-20,27.5,3.9,0.0
2005-07-21,28.6,2.9,0.0
2005-07-22,29.1,2.4,0.0
2005-07-23,29.2,4.0,0.0
2005-07-24,28.9,5.9,7.0
2005-07-25,29.2,5.6,0.0
2005-07-26,28.5,5.1,0.0
2005-07-27,27.9,6.3,0.0
2005-07-28,25.5,9.1,12.5
2005-07-29,24.8,8.6,5.0
2005-07-30,26.9,6.9,0.2
2005-07-31,28.3,7.9,3.5
2005-08-01,25.9,10.0,22.5
2005-08-02,25.8,9.8,34.0
2005-08-03,28.1,7.3,14.5
2005-08-04,29.5,4.0,0.0
2005-08-05,29.6,1.1,0.0
2005-08-06,29.1,3.5,0.0
2005-08-07,26.9,8.8,5.0
2005-08-08,28.0,8.3,21.5
2005-08-09,27.8,7.6,6.0
2005-08-10,27.2,9.3,1.0
2005-08-11,27.1,9.3,2.5
2005-08-12,28.6,5.4,0.0
2005-08-13,28.9,4.5,0.0
2005-08-14,28.7,5.8,0.0
2005-08-15,27.8,7.0,0.0
2005-08-16,29.1,3.0,0.0
2005-08-17,27.7,6.6,52.0
2005-08-18,25.9,7.9,2.5
2005-08-19,24.5,10.0,54.0
2005-08-20,23.5,8.8,1.5
2005-08-21,23.9,8.8,59.5
2005-08-22,23.5,9.4,12.0
2005-08-23,24.6,5.9,0.0
2005-08-24,22.2,9.1,9.5
2005-08-25,23.2,9.9,4.0
2005-08-26,22.8,6.1,0.3
2005-08-27,23.8,4.9,0.0
2005-08-28,23.5,1.6,0.0
2005-08-29,24.7,4.1,0.0
2005-08-30,22.7,9.8,1.0
2005-08-31,25.2,6.6,0.0
2006-07-01,22.1,10.0,55.0
2006-07-02,22.4,9.1,0.5
2006-07-03,24.1,8.8,0.0
2006-07-04,21.9,10.0,27.0
2006-07-05,22.4,9.8,1.5
2006-07-06,20.6,10.0,1.5
2006-07-07,23.2,8.0,0.0
2006-07-08,23.6,9.3,8.0
2006-07-09,25.8,9.1,6.5
2006-07-10,22.8,9.9,42.0
2006-07-11,23.6,9.1,82.0
2006-07-12,27.7,8.3,0.5
2006-07-13,28.3,6.4,0.0
2006-07-14,28.7,5.0,0.0
2006-07-15,27.7,6.8,0.5
2006-07-16,26.3,8.8,1.0
2006-07-17,24.9,10.0,6.0
2006-07-18,24.7,10.0,100.0
2006-07-19,22.2,10.0,24.0
2006-07-20,20.1,10.0,22.0
2006-07-21,23.2,8.1,1.0
2006-07-22,23.4,7.6,0.0
2006-07-23,22.0,8.4,0.0
2006-07-24,22.3,9.8,0.0
2006-07-25,24.2,8.4,28.5
2006-07-26,23.3,8.6,65.5
2006-07-27,26.5,6.8,0.3
2006-07-28,27.0,6.0,5.0
2006-07-29,27.3,5.8,0.0
2006-07-30,28.0,3.1,0.0
2006-07-31,27.9,4.3,0.0
2006-08-01,28.4,2.8,0.0
2006-08-02,28.7,2.0,0.0
2006-08-03,28.7,1.5,0.0
2006-08-04,27.8,2.1,20.0
2006-08-05,26.9,3.5,2.0
2006-08-06,25.2,4.1,24.5
2006-08-07,26.6,3.8,4.0
2006-08-08,27.2,2.9,20.5
2006-08-09,28.4,3.5,0.0
2006-08-10,28.7,3.4,0.0
2006-08-11,28.8,4.3,0.0
2006-08-12,27.9,5.9,0.0
2006-08-13,28.9,4.0,0.0
2006-08-14,29.1,4.4,0.0
2006-08-15,29.5,2.8,0.0
2006-08-16,29.4,3.0,0.0
2006-08-17,29.0,4.5,0.0
2006-08-18,26.9,7.4,0.0
2006-08-19,23.1,8.5,1.0
2006-08-20,25.0,8.3,1.0
2006-08-21,27.5,7.4,0.0
2006-08-22,26.7,8.8,0.4
2006-08-23,27.2,6.9,6.5
2006-08-24,26.9,7.0,0.0
2006-08-25,24.7,7.8,104.0
2006-08-26,26.9,6.0,0.0
2006-08-27,24.1,9.4,108.0
2006-08-28,26.5,4.8,0.1
2006-08-29,25.4,6.6,3.0
2006-08-30,22.7,10.0,0.5
2006-08-31,24.9,7.1,0.0
2007-07-01,21.6,9.3,91.5
2007-07-02,24.5,9.8,0.1
2007-07-03,22.9,10.0,0.4
2007-07-04,23.1,7.8,58.5
2007-07-05,23.7,9.3,0.0
2007-07-06,22.9,10.0,1.5
2007-07-07,25.2,8.4,0.0
2007-07-08,24.9,8.1,0.0
2007-07-09,22.5,9.9,34.5
2007-07-10,22.3,10.0,3.5
2007-07-11,23.8,7.6,0.0
2007-07-12,25.6,7.3,0.0
2007-07-13,24.1,8.1,6.0
2007-07-14,25.3,4.1,0.0
2007-07-15,24.6,7.0,1.0
2007-07-16,21.6,9.1,2.5
2007-07-17,23.3,8.3,0.5
2007-07-18,26.0,6.4,0.0
2007-07-19,26.3,10.0,29.5
2007-07-20,24.5,9.4,0.5
2007-07-21,23.0,9.4,2.0
2007-07-22,24.7,3.1,0.0
2007-07-23,26.0,7.8,0.0
2007-07-24,27.5,8.6,0.0
2007-07-25,28.1,7.8,0.0
2007-07-26,28.9,5.4,0.0
2007-07-27,28.2,5.0,0.0
2007-07-28,28.6,3.8,0.0
2007-07-29,28.1,6.1,0.0
2007-07-30,27.7,5.3,0.0
2007-07-31,27.4,5.5,0.0
2007-08-01,28.9,5.3,0.0
2007-08-02,29.4,5.9,0.0
2007-08-03,29.0,5.1,0.0
2007-08-04,29.0,5.9,1.5
2007-08-05,24.1,9.5,46.0
2007-08-06,23.9,8.8,19.5
2007-08-07,26.8,7.5,2.0
2007-08-08,28.3,7.5,22.5
2007-08-09,28.7,5.5,11.0
2007-08-10,28.8,6.4,0.0
2007-08-11,28.6,7.1,0.0
2007-08-12,26.0,9.8,62.5
2007-08-13,26.1,9.5,13.5
2007-08-14,26.1,8.5,21.5
2007-08-15,27.2,7.6,0.5
2007-08-16,28.5,3.9,0.0
2007-08-17,28.6,3.6,0.0
2007-08-18,27.9,4.6,0.0
2007-08-19,27.8,4.4,0.0
2007-08-20,27.4,6.0,1.0
2007-08-21,27.7,4.5,0.0
2007-08-22,26.2,6.9,15.5
2007-08-23,27.2,6.6,0.0
2007-08-24,28.1,4.1,0.0
2007-08-25,27.8,2.6,0.3
2007-08-26,27.6,5.4,0.0
2007-08-27,27.3,6.1,0.0
2007-08-28,25.2,8.9,20.5
2007-08-29,23.4,9.8,89.0
2007-08-30,21.7,10.0,11.0
2007-08-31,21.5,10.0,1.5
2008-07-01,21.6,9.4,1.0
2008-07-02,22.5,9.9,50.0
2008-07-03,23.9,9.3,1.5
2008-07-04,25.9,8.0,0.0
2008-07-05,25.8,7.9,0.0
2008-07-06,27.6,6.1,0.0
2008-07-07,28.7,5.4,0.0
2008-07-08,28.9,4.4,0.0
2008-07-09,28.7,2.4,0.0
2008-07-10,28.4,3.3,0.0
2008-07-11,27.0,9.1,0.0
2008-07-12,26.6,8.4,23.0
2008-07-13,27.2,9.6,3.0
2008-07-14,28.4,7.5,0.1
2008-07-15,28.5,5.4,0.0
2008-07-16,28.4,6.4,0.0
2008-07-17,27.6,7.8,0.3
2008-07-18,28.8,7.1,0.3
2008-07-19,29.2,6.4,1.0
2008-07-20,27.6,8.1,2.0
2008-07-21,26.0,9.0,5.5
2008-07-22,26.5,8.5,0.0
2008-07-23,28.1,8.4,0.0
2008-07-24,28.8,7.0,0.3
2008-07-25,27.5,9.4,46.5
2008-07-26,26.3,8.8,0.1
2008-07-27,28.3,5.9,0.0
2008-07-28,28.8,6.8,3.5
2008-07-29,27.7,4.4,0.5
2008-07-30,28.0,8.1,0.5
2008-07-31,29.7,7.8,0.1
2008-08-01,29.4,4.0,0.0
2008-08-02,28.3,8.9,0.0
2008-08-03,26.7,6.5,4.5
2008-08-04,26.8,2.3,0.0
2008-08-05,26.9,5.1,0.0
2008-08-06,27.4,3.3,0.0
2008-08-07,28.6,3.3,0.0
2008-08-08,27.7,5.5,98.0
2008-08-09,27.0,5.8,1.5
2008-08-10,28.9,6.3,0.0
2008-08-11,28.7,8.8,1.5
2008-08-12,27.4,8.9,15.0
2008-08-13,27.5,7.1,1.0
2008-08-14,27.6,7.0,0.0
2008-08-15,27.1,8.9,0.5
2008-08-16,27.5,8.0,0.5
2008-08-17,26.2,8.8,0.0
2008-08-18,26.7,9.3,2.0
2008-08-19,25.5,4.5,0.0
2008-08-20,24.9,2.3,0.0
2008-08-21,24.8,4.4,0.0
2008-08-22,24.0,10.0,18.5
2008-08-23,22.6,8.3,0.5
2008-08-24,24.0,7.0,12.0
2008-08-25,23.9,8.8,2.0
2008-08-26,24.7,4.3,0.0
2008-08-27,24.2,0.5,0.0
2008-08-28,24.9,0.8,0.0
2008-08-29,25.5,4.6,0.0
2008-08-30,25.6,3.4,0.0
2008-08-31,25.2,6.5,0.0
2009-07-01,23.5,5.0,0.0
2009-07-02,24.2,4.3,0.0
2009-07-03,23.4,5.1,0.3
2009-07-04,24.4,4.1,0.5
2009-07-05,25.3,3.6,12.0
2009-07-06,25.8,6.4,0.0
2009-07-07,22.7,10.0,196.0
2009-07-08,26.3,9.8,1.0
2009-07-09,25.9,9.9,5.5
2009-07-10,25.1,7.3,0.0
2009-07-11,22.1,10.0,60.0
2009-07-12,25.9,10.0,14.5
2009-07-13,26.2,9.0,2.0
2009-07-14,28.0,9.5,3.0
2009-07-15,22.8,8.8,70.0
2009-07-16,25.0,10.0,132.0
2009-07-17,26.4,9.4,1.0
2009-07-18,27.7,9.4,0.1
2009-07-19,26.4,9.3,8.5
2009-07-20,27.3,9.5,10.5
2009-07-21,25.0,8.6,52.0
2009-07-22,25.1,2.8,0.0
2009-07-23,24.1,7.3,0.0
2009-07-24,22.1,9.9,9.0
2009-07-25,22.7,9.6,3.5
2009-07-26,24.8,5.6,0.0
2009-07-27,24.5,8.0,4.0
2009-07-28,22.0,9.8,8.0
2009-07-29,24.3,7.3,0.5
2009-07-30,25.9,6.4,3.0
2009-07-31,24.9,7.8,10.5
2009-08-01,26.1,7.3,0.0
2009-08-02,26.1,7.0,0.0
2009-08-03,24.3,6.4,0.2
2009-08-04,25.8,6.5,0.0
2009-08-05,27.0,3.4,0.0
2009-08-06,26.2,8.6,1.0
2009-08-07,25.3,7.9,62.5
2009-08-08,26.3,5.4,25.5
2009-08-09,27.4,3.9,0.2
2009-08-10,27.1,8.4,0.3
2009-08-11,26.3,9.9,30.0
2009-08-12,25.9,9.8,8.5
2009-08-13,27.1,6.3,0.5
2009-08-14,26.6,7.6,0.0
2009-08-15,27.9,4.5,0.0
2009-08-16,27.1,5.0,0.0
2009-08-17,27.4,5.3,0.5
2009-08-18,27.7,5.3,0.0
2009-08-19,29.0,6.0,0.0
2009-08-20,27.7,9.1,85.5
2009-08-21,27.1,4.8,1.0
2009-08-22,25.8,1.3,0.0
2009-08-23,25.1,5.5,0.0
2009-08-24,25.3,3.4,0.0
2009-08-25,25.7,2.9,0.0
2009-08-26,25.8,3.6,0.0
2009-08-27,25.5,9.6,32.5
2009-08-28,25.9,2.9,14.5
2009-08-29,23.4,6.9,0.0
2009-08-30,21.7,10.0,0.4
2009-08-31,22.3,7.1,0.0
2010-07-01,26.4,9.1,53.5
2010-07-02,25.9,9.8,26.5
2010-07-03,26.4,10.0,2.0
2010-07-04,25.8,10.0,0.2
2010-07-05,25.7,7.9,0.0
2010-07-06,26.8,4.0,0.0
2010-07-07,26.3,4.4,0.0
2010-07-08,25.9,7.3,0.0
2010-07-09,26.6,4.5,0.0
2010-07-10,25.6,8.3,2.5
2010-07-11,22.8,10.0,191.0
2010-07-12,24.6,8.9,0.0
2010-07-13,23.1,9.3,5.5
2010-07-14,25.4,7.3,0.0
2010-07-15,25.2,7.9,0.5
2010-07-16,24.9,10.0,73.5
2010-07-17,26.3,8.6,25.0
2010-07-18,27.6,5.8,0.0
2010-07-19,28.1,4.9,0.0
2010-07-20,27.3,7.1,0.3
2010-07-21,28.5,5.5,0.0
2010-07-22,28.7,5.3,0.0
2010-07-23,28.6,7.3,0.0
2010-07-24,26.7,8.9,36.5
2010-07-25,25.4,8.8,15.5
2010-07-26,25.8,7.3,2.0
2010-07-27,26.9,7.6,2.0
2010-07-28,26.1,8.6,12.5
2010-07-29,25.5,9.8,4.0
2010-07-30,27.1,7.4,0.0
2010-07-31,28.1,6.1,0.0
2010-08-01,29.3,6.5,0.0
2010-08-02,28.9,6.8,8.0
2010-08-03,29.2,6.1,0.0
2010-08-04,29.7,5.1,0.0
2010-08-05,29.4,3.9,0.0
2010-08-06,29.0,6.6,9.5
2010-08-07,27.4,5.4,9.0
2010-08-08,27.9,2.8,0.0
2010-08-09,29.4,3.3,0.0
2010-08-10,26.3,9.6,42.5
2010-08-11,27.2,7.8,14.5
2010-08-12,28.5,6.8,0.0
2010-08-13,27.8,9.8,32.0
2010-08-14,29.2,9.6,0.0
2010-08-15,28.0,10.0,20.0
2010-08-16,26.5,9.9,32.5
2010-08-17,27.0,7.5,87.0
2010-08-18,28.6,4.5,0.1
2010-08-19,29.4,2.8,0.0
2010-08-20,29.7,3.1,0.0
2010-08-21,30.0,2.8,0.0
2010-08-22,29.4,1.5,0.0
2010-08-23,29.3,6.3,0.0
2010-08-24,28.4,5.9,4.0
2010-08-25,26.8,7.8,7.5
2010-08-26,27.1,6.5,14.5
2010-08-27,26.1,7.9,2.0
2010-08-28,25.9,10.0,40.0
2010-08-29,26.6,8.9,6.5
2010-08-30,26.6,8.9,4.5
2010-08-31,26.3,7.3,3.5
2011-07-01,23.8,9.8,2.0
2011-07-02,26.7,8.9,0.0
2011-07-03,25.6,10.0,21.0
2011-07-04,24.2,6.0,19.5
2011-07-05,24.8,3.8,0.0
2011-07-06,22.1,9.9,3.5
2011-07-07,24.1,10.0,14.5
2011-07-08,26.5,9.1,0.1
2011-07-09,23.8,10.0,55.5
2011-07-10,24.5,9.8,74.0
2011-07-11,26.0,8.9,0.0
2011-07-12,25.7,9.6,26.0
2011-07-13,26.4,9.1,0.0
2011-07-14,26.3,9.4,16.0
2011-07-15,27.4,7.4,1.0
2011-07-16,27.3,5.5,1.5
2011-07-17,27.6,5.4,0.0
2011-07-18,29.2,2.5,0.0
2011-07-19,30.2,1.9,0.0
2011-07-20,29.0,6.8,0.0
2011-07-21,26.9,7.4,0.0
2011-07-22,25.2,9.3,0.4
2011-07-23,26.6,7.9,0.0
2011-07-24,25.6,9.3,32.0
2011-07-25,26.1,4.1,0.0
2011-07-26,28.0,7.6,0.5
2011-07-27,28.4,7.0,1.5
2011-07-28,27.8,5.8,0.5
2011-07-29,28.3,6.4,8.0
2011-07-30,28.0,7.5,0.0
2011-07-31,28.1,8.4,0.0
2011-08-01,26.4,9.5,93.0
2011-08-02,28.0,6.5,0.0
2011-08-03,28.4,6.1,0.0
2011-08-04,29.0,5.8,0.0
2011-08-05,30.3,4.4,0.0
2011-08-06,29.8,7.8,0.0
2011-08-07,27.5,10.0,70.5
2011-08-08,26.3,7.6,9.0
2011-08-09,25.8,9.5,67.5
2011-08-10,26.2,9.5,9.0
2011-08-11,26.8,8.8,2.0
2011-08-12,26.6,9.4,39.5
2011-08-13,26.0,9.4,6.0
2011-08-14,26.7,8.4,2.0
2011-08-15,26.6,8.1,0.0
2011-08-16,27.3,8.9,0.0
2011-08-17,26.9,9.9,0.0
2011-08-18,25.1,8.0,2.5
2011-08-19,22.8,9.8,1.5
2011-08-20,19.4,10.0,34.5
2011-08-21,23.0,7.8,0.5
2011-08-22,21.5,9.4,0.5
2011-08-23,21.3,9.1,1.0
2011-08-24,22.4,9.6,2.0
2011-08-25,24.3,9.8,4.5
2011-08-26,25.4,9.5,0.0
2011-08-27,26.8,7.8,0.0
2011-08-28,26.9,6.0,0.0
2011-08-29,26.8,6.9,31.5
2011-08-30,26.1,7.5,5.5
2011-08-31,27.1,7.1,0.0
2012-07-01,23.0,9.1,0.0
2012-07-02,24.1,9.1,0.0
2012-07-03,24.7,8.5,0.0
2012-07-04,24.7,9.9,0.0
2012-07-05,24.5,10.0,51.0
2012-07-06,23.9,10.0,23.5
2012-07-07,24.5,7.6,0.0
2012-07-08,25.3,4.4,0.0
2012-07-09,26.0,6.3,0.0
2012-07-10,23.7,9.5,18.0
2012-07-11,24.5,9.3,67.5
2012-07-12,26.0,9.3,3.5
2012-07-13,26.9,9.6,0.0
2012-07-14,24.6,10.0,67.5
2012-07-15,24.7,9.9,44.0
2012-07-16,24.5,9.8,0.1
2012-07-17,23.9,9.6,14.5
2012-07-18,26.6,9.1,18.5
2012-07-19,26.4,9.1,20.5
2012-07-20,26.8,7.0,2.0
2012-07-21,27.8,6.1,0.0
2012-07-22,28.2,5.5,0.0
2012-07-23,28.6,7.3,0.0
2012-07-24,28.9,5.3,0.0
2012-07-25,29.1,3.3,0.0
2012-07-26,29.0,4.1,0.0
2012-07-27,28.6,6.1,0.0
2012-07-28,29.6,4.0,0.0
2012-07-29,29.7,4.3,0.0
2012-07-30,29.8,4.4,0.0
2012-07-31,29.8,1.9,0.0
2012-08-01,31.0,1.8,0.0
2012-08-02,29.8,5.3,0.0
2012-08-03,30.7,2.6,0.0
2012-08-04,30.7,1.1,0.0
2012-08-05,31.4,2.8,0.0
2012-08-06,29.5,5.3,47.5
2012-08-07,29.0,4.5,0.0
2012-08-08,28.3,7.5,0.0
2012-08-09,28.2,9.1,1.0
2012-08-10,25.6,9.5,9.5
2012-08-11,28.3,6.1,0.0
2012-08-12,28.5,8.3,21.0
2012-08-13,26.3,10.0,24.0
2012-08-14,27.1,9.5,0.0
2012-08-15,28.1,9.6,0.5
2012-08-16,26.2,8.6,47.0
2012-08-17,29.3,5.9,0.0
2012-08-18,29.4,6.0,0.3
2012-08-19,29.1,7.0,0.0
2012-08-20,27.9,9.6,0.2
2012-08-21,28.2,7.8,6.0
2012-08-22,24.9,9.4,25.5
2012-08-23,23.7,10.0,16.5
2012-08-24,23.4,10.0,63.5
2012-08-25,28.2,7.6,0.0
2012-08-26,28.7,2.5,0.0
2012-08-27,27.6,8.3,1.5
2012-08-28,24.3,10.0,88.5
2012-08-29,26.0,9.6,3.5
2012-08-30,22.3,9.8,117.5
2012-08-31,23.8,1.4,0.0
2013-07-01,26.9,5.8,0.0
2013-07-02,27.3,9.4,0.0
2013-07-03,24.7,10.0,22.5
2013-07-04,24.5,10.0,79.5
2013-07-05,23.5,10.0,143.0
2013-07-06,25.3,8.9,0.0
2013-07-07,24.3,9.9,37.0
2013-07-08,26.6,9.5,0.1
2013-07-09,27.0,8.4,1.5
2013-07-10,27.4,4.3,0.0
2013-07-11,27.8,5.0,0.0
2013-07-12,0.0,0.0,0.0
2013-07-13,28.5,6.4,0.0
2013-07-14,28.2,8.0,0.0
2013-07-15,28.1,6.0,0.0
2013-07-16,28.3,3.8,0.0
2013-07-17,27.2,5.9,0.0
2013-07-18,28.0,4.9,0.0
2013-07-19,28.1,3.9,0.0
2013-07-20,28.7,3.4,0.0
2013-07-21,27.8,6.6,0.5
2013-07-22,28.5,7.8,0.0
2013-07-23,26.6,8.5,9.5
2013-07-24,26.1,8.1,22.0
2013-07-25,27.0,6.0,0.0
2013-07-26,27.7,4.4,0.0
2013-07-27,27.6,8.5,0.0
2013-07-28,28.4,9.6,1.5
2013-07-29,26.6,9.8,22.5
2013-07-30,28.1,8.8,5.5
2013-07-31,28.3,8.0,4.0
2013-08-01,29.3,6.8,0.0
2013-08-02,28.7,7.4,0.0
2013-08-03,27.6,8.4,12.0
2013-08-04,28.5,8.0,0.0
2013-08-05,27.9,6.8,19.5
2013-08-06,29.4,3.8,0.0
2013-08-07,30.2,4.5,0.0
2013-08-08,30.1,3.3,0.0
2013-08-09,30.6,0.4,0.0
2013-08-10,31.0,1.5,0.0
2013-08-11,30.5,0.9,0.0
2013-08-12,29.8,2.5,0.0
2013-08-13,28.8,1.4,0.0
2013-08-14,29.3,1.4,0.0
2013-08-15,29.5,4.5,0.0
2013-08-16,29.8,3.1,0.0
2013-08-17,29.4,2.1,0.0
2013-08-18,29.8,2.4,0.0
2013-08-19,30.3,5.4,0.0
2013-08-20,30.0,1.8,0.0
2013-08-21,30.3,2.0,0.0
2013-08-22,29.8,5.3,0.1
2013-08-23,25.9,9.1,63.5
2013-08-24,24.8,10.0,92.0
2013-08-25,26.3,7.4,0.0
2013-08-26,26.1,4.9,0.0
2013-08-27,25.9,4.0,0.0
2013-08-28,26.7,2.3,0.0
2013-08-29,25.6,9.5,106.0
2013-08-30,24.8,8.5,0.1
2013-08-31,23.9,5.3,0.0
2014-07-01,25.4,6.5,0.0
2014-07-02,21.8,10.0,12.0
2014-07-03,20.7,10.0,20.0
2014-07-04,22.9,9.4,2.0
2014-07-05,23.7,9.9,0.2
2014-07-06,20.0,10.0,17.5
2014-07-07,22.8,9.3,0.5
2014-07-08,26.1,8.0,0.5
2014-07-09,26.4,8.4,1.0
2014-07-10,26.9,5.1,0.0
2014-07-11,26.8,5.1,0.0
2014-07-12,25.2,8.5,4.5
2014-07-13,23.4,9.1,15.5
2014-07-14,25.8,6.3,0.0
2014-07-15,24.3,10.0,0.1
2014-07-16,24.6,9.8,1.0
2014-07-17,22.3,10.0,62.0
2014-07-18,24.6,10.0,8.0
2014-07-19,25.0,6.9,57.5
2014-07-20,27.1,6.9,0.0
2014-07-21,27.3,4.9,0.0
2014-07-22,26.6,6.5,0.0
2014-07-23,27.9,6.8,0.0
2014-07-24,29.1,7.0,0.1
2014-07-25,28.7,7.9,4.5
2014-07-26,25.2,6.0,5.5
2014-07-27,24.6,2.1,0.0
2014-07-28,22.4,9.0,27.0
2014-07-29,25.8,6.3,0.0
2014-07-30,29.0,5.3,0.0
2014-07-31,30.1,5.0,0.0
2014-08-01,27.4,9.5,1.5
2014-08-02,25.4,10.0,30.5
2014-08-03,25.1,10.0,6.0
2014-08-04,24.0,10.0,8.0
2014-08-05,27.3,6.0,0.1
2014-08-06,26.8,6.9,0.0
2014-08-07,24.1,9.8,14.0
2014-08-08,25.1,8.0,0.5
2014-08-09,26.1,3.8,0.0
2014-08-10,24.6,6.8,0.0
2014-08-11,24.2,6.1,0.0
2014-08-12,25.3,3.9,0.0
2014-08-13,24.6,9.6,0.1
2014-08-14,21.9,10.0,13.0
2014-08-15,24.5,8.4,1.5
2014-08-16,25.4,6.3,0.0
2014-08-17,23.4,10.0,120.0
2014-08-18,23.3,10.0,71.0
2014-08-19,23.1,10.0,5.0
2014-08-20,23.7,10.0,11.0
2014-08-21,23.8,8.6,6.0
2014-08-22,25.0,5.4,0.0
2014-08-23,25.2,6.8,0.0
2014-08-24,23.6,9.6,13.5
2014-08-25,24.5,9.5,58.5
2014-08-26,25.1,7.6,1.0
2014-08-27,23.9,9.3,0.0
2014-08-28,22.2,10.0,0.5
2014-08-29,22.4,8.4,8.5
2014-08-30,23.2,4.6,0.0
2014-08-31,22.4,6.8,0.0
2015-07-01,22.5,5.3,0.2
2015-07-02,22.9,4.9,0.0
2015-07-03,23.8,7.4,0.0
2015-07-04,22.7,7.3,0.0
2015-07-05,23.1,7.3,0.0
2015-07-06,23.0,8.8,0.0
2015-07-07,20.2,10.0,20.8
2015-07-08,22.3,10.0,10.3
2015-07-09,25.3,7.6,37.1
2015-07-10,28.0,5.6,0.0
2015-07-11,26.3,9.0,10.0
2015-07-12,24.9,10.0,28.3
2015-07-13,23.0,9.1,3.4
2015-07-14,25.8,4.8,0.0
2015-07-15,25.2,8.3,13.7
2015-07-16,25.6,4.1,0.0
2015-07-17,25.1,5.8,0.0
2015-07-18,24.6,7.8,0.0
2015-07-19,26.9,6.4,0.0
2015-07-20,26.7,9.4,0.0
2015-07-21,26.0,10.0,2.9
2015-07-22,27.4,7.5,1.8
2015-07-23,25.8,9.6,10.7
2015-07-24,25.4,9.6,9.5
2015-07-25,27.4,6.5,0.0
2015-07-26,28.0,3.8,0.0
2015-07-27,26.5,7.8,11.4
2015-07-28,25.9,8.6,4.2
2015-07-29,29.0,5.5,0.0
2015-07-30,29.3,3.4,0.0
2015-07-31,28.9,3.0,0.0
2015-08-01,28.5,3.0,0.0
2015-08-02,28.4,6.4,0.0
2015-08-03,28.4,1.5,0.0
2015-08-04,28.6,2.1,0.0
2015-08-05,29.2,4.5,0.0
2015-08-06,29.7,1.8,0.0
2015-08-07,30.0,2.3,0.0
2015-08-08,27.6,4.0,42.9
2015-08-09,27.8,6.8,0.0
2015-08-10,27.2,7.6,0.0
2015-08-11,23.2,10.0,27.6
2015-08-12,23.8,8.5,1.6
2015-08-13,25.8,6.4,0.0
2015-08-14,26.2,4.3,0.0
2015-08-15,27.3,3.5,0.0
2015-08-16,26.4,8.8,2.5
2015-08-17,26.1,5.6,3.7
2015-08-18,25.9,7.5,0.0
2015-08-19,26.2,8.8,0.0
2015-08-20,23.5,10.0,8.2
2015-08-21,24.5,8.1,41.5
2015-08-22,24.9,9.8,0.0
2015-08-23,25.4,9.1,0.0
2015-08-24,24.6,10.0,0.0
2015-08-25,22.5,9.4,15.7
2015-08-26,23.4,1.4,0.0
2015-08-27,23.3,6.1,5.2
2015-08-28,24.5,5.4,0.0
2015-08-29,23.9,3.9,0.0
2015-08-30,24.4,4.0,0.0
2015-08-31,25.5,5.0,0.0
2016-07-01,24.7,9.5,70.6
2016-07-02,23.0,10.0,44.9
2016-07-03,21.9,10.0,70.6
2016-07-04,25.7,9.9,0.8
2016-07-05,26.9,8.8,47.5
2016-07-06,26.5,9.0,26.9
2016-07-07,26.6,7.3,1.2
2016-07-08,26.6,4.1,0.0
2016-07-09,27.8,6.0,0.0
2016-07-10,27.4,8.3,0.0
2016-07-11,26.5,10.0,1.0
2016-07-12,24.5,9.4,17.0
2016-07-13,26.6,6.8,0.0
2016-07-14,25.8,4.5,0.0
2016-07-15,26.0,8.0,0.0
2016-07-16,23.5,9.4,19.3
2016-07-17,24.4,5.8,0.0
2016-07-18,25.2,5.3,0.0
2016-07-19,26.9,3.0,0.0
2016-07-20,27.3,4.3,0.0
2016-07-21,27.4,4.3,0.0
2016-07-22,27.3,4.4,0.0
2016-07-23,27.9,2.9,0.0
2016-07-24,29.3,5.9,0.0
2016-07-25,29.6,5.4,0.0
2016-07-26,29.8,4.0,0.0
2016-07-27,28.8,8.3,1.4
2016-07-28,29.7,6.1,0.1
2016-07-29,30.5,4.4,0.0
2016-07-30,30.4,5.9,0.0
2016-07-31,30.2,2.8,0.0
2016-08-01,30.0,2.6,0.0
2016-08-02,28.1,7.6,0.1
2016-08-03,26.6,7.8,7.1
2016-08-04,28.6,4.6,0.0
2016-08-05,29.7,2.4,0.0
2016-08-06,29.7,3.0,0.1
2016-08-07,27.5,3.5,6.0
2016-08-08,27.9,2.4,18.2
2016-08-09,27.5,4.6,0.4
2016-08-10,29.5,3.1,0.0
2016-08-11,30.6,0.8,0.0
2016-08-12,30.6,0.9,0.0
2016-08-13,30.1,0.5,0.0
2016-08-14,29.5,2.5,0.0
2016-08-15,28.8,4.5,0.3
2016-08-16,28.7,3.5,0.0
2016-08-17,28.4,5.6,5.4
2016-08-18,28.9,6.0,0.0
2016-08-19,29.6,4.9,0.0
2016-08-20,29.9,5.1,0.5
2016-08-21,29.9,3.3,0.0
2016-08-22,29.8,1.4,0.0
2016-08-23,27.9,7.6,10.6
2016-08-24,29.1,2.9,0.0
2016-08-25,28.8,1.0,0.0
2016-08-26,23.9,8.6,21.4
2016-08-27,22.2,9.5,3.9
2016-08-28,20.4,6.1,6.3
2016-08-29,21.9,0.9,0.0
2016-08-30,22.7,5.5,0.7
2016-08-31,24.6,4.8,0.0
2017-07-01,26.3,9.1,0.0
2017-07-02,26.7,9.9,13.1
2017-07-03,26.8,9.1,6.4
2017-07-04,27.1,9.0,1.8
2017-07-05,27.7,8.1,1.6
2017-07-06,26.2,9.5,16.6
2017-07-07,27.5,8.5,0.1
2017-07-08,26.5,9.0,45.2
2017-07-09,27.5,9.3,3.1
2017-07-10,27.3,9.9,5.1
2017-07-11,26.5,9.1,0.7
2017-07-12,28.0,1.4,0.0
2017-07-13,28.5,5.3,0.0
2017-07-14,26.8,8.1,6.8
2017-07-15,25.7,9.1,44.4
2017-07-16,28.5,7.6,0.0
2017-07-17,26.8,9.1,10.8
2017-07-18,26.0,9.6,12.5
2017-07-19,28.7,6.5,0.0
2017-07-20,29.6,3.9,0.0
2017-07-21,30.7,5.1,0.0
2017-07-22,29.7,6.3,0.0
2017-07-23,29.1,8.4,0.0
2017-07-24,30.0,8.1,0.0
2017-07-25,29.4,7.1,1.3
2017-07-26,28.9,4.5,0.0
2017-07-27,28.7,0.6,0.0
2017-07-28,28.8,5.8,0.0
2017-07-29,29.1,8.4,0.0
2017-07-30,27.2,7.6,26.2
2017-07-31,26.1,7.6,15.9
2017-08-01,27.8,5.6,0.5
2017-08-02,28.8,4.5,4.8
2017-08-03,28.9,2.3,0.0
2017-08-04,30.7,3.0,0.0
2017-08-05,31.5,3.5,0.0
2017-08-06,30.5,2.6,3.1
2017-08-07,30.1,2.5,0.0
2017-08-08,29.1,9.5,0.0
2017-08-09,27.8,9.4,2.8
2017-08-10,28.2,3.3,0.0
2017-08-11,28.1,1.3,0.0
2017-08-12,27.2,7.1,15.8
2017-08-13,24.1,10.0,12.3
2017-08-14,24.1,10.0,34.9
2017-08-15,24.9,8.9,4.4
2017-08-16,26.6,8.1,0.9
2017-08-17,26.4,5.5,0.0
2017-08-18,25.9,5.1,4.7
2017-08-19,26.9,7.6,0.0
2017-08-20,26.5,8.8,9.1
2017-08-21,25.4,9.0,89.1
2017-08-22,26.9,7.6,10.2
2017-08-23,29.3,5.0,0.0
2017-08-24,29.3,7.5,0.4
2017-08-25,27.6,5.9,80.7
2017-08-26,25.4,1.4,0.0
2017-08-27,25.3,0.6,0.0
2017-08-28,26.1,6.1,0.0
2017-08-29,23.6,5.3,6.7
2017-08-30,21.1,8.3,0.0
2017-08-31,23.2,3.4,0.0
2018-07-01,24.6,10.0,57.2
2018-07-02,25.7,9.4,17.2
2018-07-03,26.6,6.9,0.0
2018-07-04,26.7,6.4,0.0
2018-07-05,25.3,9.5,5.2
2018-07-06,23.5,9.1,4.9
2018-07-07,24.4,7.3,0.0
2018-07-08,24.0,7.9,0.0
2018-07-09,23.6,9.6,0.0
2018-07-10,27.1,5.5,0.0
2018-07-11,27.8,4.9,0.0
2018-07-12,29.1,5.8,0.0
2018-07-13,28.6,5.9,0.0
2018-07-14,28.8,3.4,0.0
2018-07-15,29.5,2.0,0.0
2018-07-16,29.1,1.8,0.0
2018-07-17,29.2,2.5,0.0
2018-07-18,29.3,3.8,0.0
2018-07-19,29.5,3.1,0.0
2018-07-20,30.8,1.3,0.0
2018-07-21,30.5,1.8,0.0
2018-07-22,29.5,5.9,0.0
2018-07-23,29.7,3.8,0.0
2018-07-24,30.5,2.6,0.0
2018-07-25,30.2,2.9,0.0
2018-07-26,30.4,1.3,0.0
2018-07-27,31.0,0.4,0.0
2018-07-28,30.4,2.9,0.0
2018-07-29,31.4,0.6,0.0
2018-07-30,30.3,4.5,0.0
2018-07-31,31.0,2.8,0.0
2018-08-01,31.5,2.1,0.0
2018-08-02,32.0,2.5,0.0
2018-08-03,30.3,3.5,0.0
2018-08-04,30.3,4.5,0.0
2018-08-05,30.1,2.8,0.0
2018-08-06,30.8,5.0,0.0
2018-08-07,30.0,8.1,0.0
2018-08-08,30.9,5.1,0.0
2018-08-09,30.3,4.6,0.0
2018-08-10,28.9,7.6,18.8
2018-08-11,28.9,5.3,0.0
2018-08-12,29.3,5.5,0.0
2018-08-13,30.7,5.6,0.0
2018-08-14,31.2,4.4,0.0
2018-08-15,30.8,6.0,0.0
2018-08-16,28.9,7.4,0.0
2018-08-17,26.9,6.1,0.0
2018-08-18,26.1,5.4,0.0
2018-08-19,27.2,5.1,0.0
2018-08-20,27.2,5.3,0.0
2018-08-21,28.5,3.4,0.0
2018-08-22,30.2,5.9,0.0
2018-08-23,26.6,10.0,57.0
2018-08-24,25.4,7.3,11.3
2018-08-25,24.9,8.8,2.5
2018-08-26,23.6,9.4,98.6
2018-08-27,24.7,10.0,108.5
2018-08-28,27.2,5.4,0.1
2018-08-29,27.4,5.6,0.9
2018-08-30,25.7,8.4,24.0
2018-08-31,24.5,9.9,75.5
2019-07-01,22.6,9.0,10.9
2019-07-02,23.9,6.3,1.1
2019-07-03,23.3,8.0,0.0
2019-07-04,25.2,5.3,0.0
2019-07-05,26.5,5.0,0.0
2019-07-06,26.9,0.4,0.0
2019-07-07,23.9,7.4,0.4
2019-07-08,23.4,7.5,0.0
2019-07-09,23.9,8.8,0.0
2019-07-10,20.9,10.0,38.8
2019-07-11,23.3,8.6,0.0
2019-07-12,24.4,7.4,0.0
2019-07-13,23.6,9.0,0.0
2019-07-14,25.1,5.3,0.0
2019-07-15,25.2,6.5,0.0
2019-07-16,24.6,6.4,18.5
2019-07-17,25.3,8.4,5.4
2019-07-18,23.6,9.6,26.0
2019-07-19,24.8,9.4,4.0
2019-07-20,24.2,10.0,36.6
2019-07-21,24.7,8.9,13.0
2019-07-22,27.0,7.1,0.0
2019-07-23,27.7,7.3,0.0
2019-07-24,26.9,9.0,0.0
2019-07-25,27.6,8.0,0.0
2019-07-26,27.4,9.4,12.1
2019-07-27,26.4,9.3,61.6
2019-07-28,27.1,8.1,13.8
2019-07-29,28.3,5.1,0.0
2019-07-30,28.4,5.5,0.0
2019-07-31,29.0,3.6,0.0
2019-08-01,29.2,3.9,0.0
2019-08-02,29.3,2.6,0.0
2019-08-03,29.6,5.4,0.0
2019-08-04,29.7,2.4,0.0
2019-08-05,29.3,4.3,0.0
2019-08-06,29.0,6.8,0.0
2019-08-07,29.0,6.9,0.0
2019-08-08,28.6,7.1,2.9
2019-08-09,29.3,7.3,0.0
2019-08-10,29.7,6.5,0.0
2019-08-11,28.1,8.6,14.2
2019-08-12,27.9,8.6,1.7
2019-08-13,29.5,4.3,0.0
2019-08-14,29.9,6.1,0.0
2019-08-15,27.6,8.9,0.0
2019-08-16,26.5,5.6,0.0
2019-08-17,26.9,6.6,0.4
2019-08-18,26.2,3.4,0.0
2019-08-19,26.6,6.1,0.0
2019-08-20,27.2,4.8,0.0
2019-08-21,26.7,8.5,11.7
2019-08-22,26.7,7.8,24.2
2019-08-23,25.6,7.0,0.0
2019-08-24,24.0,6.3,0.0
2019-08-25,23.4,7.8,0.0
2019-08-26,25.2,6.8,0.0
2019-08-27,22.9,9.8,8.5
2019-08-28,24.1,8.9,1.2
2019-08-29,23.0,9.6,0.0
2019-08-30,23.6,3.4,0.0
2019-08-31,23.4,6.0,0.0
2020-07-01,22.1,6.9,0.0
2020-07-02,23.1,8.3,0.0
2020-07-03,20.3,10.0,7.4
2020-07-04,20.1,9.1,0.0
2020-07-05,22.5,7.5,0.0
2020-07-06,22.9,8.9,0.3
2020-07-07,25.3,4.9,0.0
2020-07-08,24.8,5.9,0.0
2020-07-09,25.0,6.4,0.0
2020-07-10,24.7,9.1,68.1
2020-07-11,24.9,9.4,0.0
2020-07-12,21.9,10.0,37.0
2020-07-13,21.5,9.8,121.2
2020-07-14,19.5,9.8,1.3
2020-07-15,19.8,9.8,9.8
2020-07-16,22.7,6.8,0.0
2020-07-17,24.4,6.6,0.0
2020-07-18,23.7,9.6,0.0
2020-07-19,26.2,9.8,0.0
2020-07-20,24.8,9.9,6.1
2020-07-21,24.7,9.0,9.4
2020-07-22,23.0,10.0,19.7
2020-07-23,22.8,10.0,54.1
2020-07-24,20.9,9.3,21.9
2020-07-25,22.0,9.0,1.6
2020-07-26,23.3,8.1,0.0
2020-07-27,23.2,10.0,8.9
2020-07-28,25.0,10.0,47.8
2020-07-29,24.9,9.8,115.5
2020-07-30,26.8,8.5,3.2
2020-07-31,27.4,8.9,0.0
2020-08-01,26.3,8.6,2.9
2020-08-02,27.4,8.6,0.7
2020-08-03,27.7,8.1,0.0
2020-08-04,28.5,7.8,0.0
2020-08-05,28.2,8.1,6.6
2020-08-06,25.5,9.9,38.8
2020-08-07,24.5,10.0,259.5
2020-08-08,25.0,10.0,255.5
2020-08-09,27.7,7.5,17.6
2020-08-10,25.8,9.4,72.3
2020-08-11,26.9,9.8,9.3
2020-08-12,27.6,8.8,4.6
2020-08-13,28.4,5.0,0.0
2020-08-14,28.9,5.6,0.0
2020-08-15,28.6,3.5,0.0
2020-08-16,28.3,4.4,0.0
2020-08-17,28.6,4.1,0.0
2020-08-18,28.6,2.4,0.0
2020-08-19,28.2,1.0,0.0
2020-08-20,28.2,2.5,0.0
2020-08-21,27.9,3.9,0.0
2020-08-22,27.2,9.1,0.0
2020-08-23,27.4,6.5,0.0
2020-08-24,28.3,3.0,0.0
2020-08-25,29.0,3.9,0.0
2020-08-26,27.6,9.1,33.6
2020-08-27,28.4,8.3,0.0
2020-08-28,28.4,6.0,0.0
2020-08-29,27.1,8.1,26.7
2020-08-30,28.4,6.0,0.0
2020-08-31,27.2,5.4,10.0
2021-07-01,25.7,4.8,0.0
2021-07-02,26.1,7.1,0.0
2021-07-03,23.7,9.0,27.0
2021-07-04,23.1,9.6,1.6
2021-07-05,21.9,10.0,29.1
2021-07-06,23.1,10.0,119.5
2021-07-07,25.2,10.0,17.9
2021-07-08,25.6,9.5,0.9
2021-07-09,25.8,7.5,4.2
2021-07-10,26.4,5.6,0.0
2021-07-11,27.2,6.1,0.0
2021-07-12,28.1,6.5,0.0
2021-07-13,28.4,5.6,0.0
2021-07-14,28.2,7.9,0.0
2021-07-15,28.7,6.0,0.0
2021-07-16,25.9,5.4,1.4
2021-07-17,26.2,5.6,0.2
2021-07-18,27.3,5.9,0.0
2021-07-19,27.8,6.0,0.0
2021-07-20,27.7,7.5,0.0
2021-07-21,29.0,3.8,0.0
2021-07-22,28.7,4.8,0.0
2021-07-23,28.7,6.8,0.0
2021-07-24,29.1,7.9,0.0
2021-07-25,29.0,6.6,0.0
2021-07-26,28.3,5.1,0.0
2021-07-27,28.3,1.8,0.0
2021-07-28,28.9,4.4,0.0
2021-07-29,29.0,4.9,0.0
2021-07-30,28.1,6.3,0.4
2021-07-31,29.1,6.3,25.4
2021-08-01,28.2,8.6,1.0
2021-08-02,26.9,9.3,45.3
2021-08-03,27.0,7.0,9.9
2021-08-04,28.6,3.4,0.0
2021-08-05,28.8,4.1,0.0
2021-08-06,26.6,3.8,59.4
2021-08-07,27.8,4.8,0.0
2021-08-08,26.0,7.6,5.0
2021-08-09,27.2,5.0,0.0
2021-08-10,27.6,7.0,0.0
2021-08-11,26.5,5.3,0.0
2021-08-12,26.3,7.1,0.6
2021-08-13,25.6,9.3,4.0
2021-08-14,24.3,7.9,12.8
2021-08-15,24.7,7.3,13.7
2021-08-16,25.7,4.6,0.0
2021-08-17,25.5,7.0,17.2
2021-08-18,22.7,6.9,22.7
2021-08-19,22.7,6.4,19.2
2021-08-20,24.8,3.1,0.0
2021-08-21,24.5,9.0,19.9
2021-08-22,25.8,7.9,0.0
2021-08-23,24.1,9.9,30.6
2021-08-24,25.2,9.4,29.6
2021-08-25,25.2,9.8,10.7
2021-08-26,26.3,5.9,0.0
2021-08-27,23.5,8.3,10.6
2021-08-28,25.1,6.1,0.0
2021-08-29,25.5,9.5,24.6
2021-08-30,25.5,7.9,1.9
2021-08-31,26.5,7.0,0.0
